docente_id,docente_nome,docente_campus,titulo,ano,natureza,total_autores
6014,Dayane Augusta Santos Da Silva,Campus Brasília,Presença Africana no DF,2023,RESUMO_EXPANDIDO,1
6014,Dayane Augusta Santos Da Silva,Campus Brasília,Presença Africana no DF,2022,RESUMO_EXPANDIDO,4
6017,Marcello Vieira Lasneaux,Campus Brasília,CONCEITO DE NEUROPLASTICIDADE E OS PRINCÍPIOS NORTEADORES DA DECLARAÇÃO DE SALAMANCA: Inclusão e personalização em todas as escolas,2024,RESUMO_EXPANDIDO,1
6019,Joseane Rosa Santos Rezende,Campus Recanto das Emas,O novo papel do professor frente aos desafios do ensino remoto: a necessidade de mudança do comportamento docente,2020,RESUMO,3
6019,Joseane Rosa Santos Rezende,Campus Recanto das Emas,Benefícios do uso de jogos em uma perspectiva da aprendizagem colaborativa em aulas de Libras,2023,RESUMO,2
6023,Diego Pizarro,Campus Brasília,Em busca de noções somáticas de coreografia para danças expandidas,2024,RESUMO,2
6023,Diego Pizarro,Campus Brasília,Migração Sul-Sul: processos ecoperformativos de deslocamentos pela cidade,2024,RESUMO,3
6023,Diego Pizarro,Campus Brasília,Perspectivas Somáticas da Voz em Dança,2024,RESUMO,2
6023,Diego Pizarro,Campus Brasília,Ondas de movimentos e vocalizações dançantes em poéticas da ontogenia,2024,COMPLETO,2
6023,Diego Pizarro,Campus Brasília,Dança Expandida: em busca de noções somáticas de coreografia,2024,RESUMO_EXPANDIDO,2
6023,Diego Pizarro,Campus Brasília,Perspectivas somáticas da voz em dança: desdobramentos em laboratórios de pesquisa corporalizada.,2024,RESUMO_EXPANDIDO,2
6023,Diego Pizarro,Campus Brasília,Editorial do Comitê Temático Somática e Prática como Pesquisa em Dança,2024,COMPLETO,2
6023,Diego Pizarro,Campus Brasília,Performance como pesquisa na investigação da migração sul-sul e seus deslocamentos pela cidade de Brasília-DF,2024,RESUMO,3
6023,Diego Pizarro,Campus Brasília,Integração voz-movimento pela prática somática em dança,2024,RESUMO,2
6023,Diego Pizarro,Campus Brasília,Em busca de uma noção somática de coreografia para danças expandidas,2024,RESUMO,2
6023,Diego Pizarro,Campus Brasília,"Migração Sul-Sul: Performance como Pesquisa, Somática e movimentos migratórios na América do Sul",2024,COMPLETO,3
6024,Mateus Gianni Fonseca,Reitoria,Pensamento criativo em matemática: um desafio para a educação do século XXI,2020,COMPLETO,4
6024,Mateus Gianni Fonseca,Reitoria,Desafios para a educação matemática do século XXI: o desenvolvimento da criatividade compartilhada em matemática,2020,COMPLETO,3
6024,Mateus Gianni Fonseca,Reitoria,Pensamento crítico e criativo em matemática: uma tendência emergente,2020,COMPLETO,2
6024,Mateus Gianni Fonseca,Reitoria,A não mecanização do ensino com a perspectiva da resolução de problemas,2020,RESUMO,3
6024,Mateus Gianni Fonseca,Reitoria,"Pensamentos crítico e criativo em matemática na educação brasileira: previsto, mas pouco estimulado",2020,RESUMO,3
6024,Mateus Gianni Fonseca,Reitoria,Criatividade em matemática e sua produtividade científica no Brasil,2020,RESUMO,2
6024,Mateus Gianni Fonseca,Reitoria,Estratégias para estimular o pensamento crítico e criativo em matemática em sala de aula,2020,RESUMO,1
6024,Mateus Gianni Fonseca,Reitoria,Estudo sobre o tempo em que a sensação de sucesso profissional do professor de matemática da rede pública do Distrito Federal perdura,2021,RESUMO,3
6024,Mateus Gianni Fonseca,Reitoria,Divulgação e Popularização da Matemática por Meio de Redes Sociais,2021,RESUMO,2
6024,Mateus Gianni Fonseca,Reitoria,Biblioteca Virtual de Pesquisas em Pensamento Crítico e Criativo em Matemática,2021,RESUMO,3
6024,Mateus Gianni Fonseca,Reitoria,Estratégia de aprendizagem dialógica como meio para estimular o pensamento crítico e criativo em matemática,2021,RESUMO_EXPANDIDO,2
6024,Mateus Gianni Fonseca,Reitoria,"Pensamento crítico e criativo em matemática: concepções na visão de estudantes, professores, pesquisadores e formuladores de políticas educacionais",2021,RESUMO_EXPANDIDO,2
6024,Mateus Gianni Fonseca,Reitoria,Estratégias para estimular o pensamento crítico e criativo em matemática em sala de aula: desafios e possibilidades,2020,RESUMO,1
6024,Mateus Gianni Fonseca,Reitoria,Evidências de Pensamento crítico e criativo na aprendizagem de probabilidade,2022,COMPLETO,3
6024,Mateus Gianni Fonseca,Reitoria,ANALYSIS OF YOUCUBED.ORG ACTIVITIES FOCUSING ON FOSTERING CRITICAL AND CREATIVE THINKING IN MATHEMATICS,2025,RESUMO,3
6026,Jaqueline Coêlho,Campus São Sebastião,LEI NATURAL OU PROJETO DE VIDA?: UMA ANÁLISE DE DISCURSO SOBRE A SUG Nº 15/2014,2021,RESUMO,1
6028,Queila Pahim Kodama,Campus Brasília,As políticas públicas de formação de professores para a educação básica brasileira e a Universidade Aberta do Brasil,2020,COMPLETO,2
6028,Queila Pahim Kodama,Campus Brasília,Tecnologia assistiva como fatos de acessibilidade no processo de ensino aprendizagem de Surdos,2020,COMPLETO,3
6028,Queila Pahim Kodama,Campus Brasília,A educação a distância no Brasil ? um panorama histórico e pressupostos epistemológicos dessa modalidade educacional,2020,COMPLETO,3
6028,Queila Pahim Kodama,Campus Brasília,"A atuação docente nocontexto da educação inclusiva: desafios, avanços e entraves",2021,COMPLETO,2
6028,Queila Pahim Kodama,Campus Brasília,A Formação Continuada de Professores: um olhar para o PNE2014-2024.,2021,COMPLETO,3
6028,Queila Pahim Kodama,Campus Brasília,Diversão e arte na Casa do Vovô: um relato de experiência,2021,COMPLETO,3
6028,Queila Pahim Kodama,Campus Brasília,O Exame Nacional do Ensino Médio e seu impacto na Educação Profissional e Tecnológica,2021,COMPLETO,2
6028,Queila Pahim Kodama,Campus Brasília,Educação Inclusiva: desenvolvendo talentos através da socialização entre alunos com e sem deficiência,2020,COMPLETO,2
6028,Queila Pahim Kodama,Campus Brasília,Relações das crenças e emoções para o processo de ensino e aprendizagem de um aprendiz autista: um estudo de caso,2020,COMPLETO,2
6028,Queila Pahim Kodama,Campus Brasília,Educação de Surdos no Brasil e no mundo: importância e percurso histórico,2021,COMPLETO,3
6028,Queila Pahim Kodama,Campus Brasília,Implicações da violência escolar no contexto histórico da educação,2021,COMPLETO,3
6028,Queila Pahim Kodama,Campus Brasília,A formação docente e o uso das tecnologias digitais educacionais: avanços e desafios da BNC,2021,COMPLETO,3
6028,Queila Pahim Kodama,Campus Brasília,Efeitos da violência escolar em uma escola pública do Ditrito Federal,2022,RESUMO,2
6028,Queila Pahim Kodama,Campus Brasília,Propostas para o Atendimento às Pessoas Surdas em Serviços de Governo Eletrônico,2021,COMPLETO,3
6029,Rosa Amélia Pereira Da Silva,Reitoria,O flâneur Riobaldo: uma travessia metafísica,2021,COMPLETO,1
6030,Karla Amâncio Pinto Fields,Campus Riacho Fundo,DESENVOLVIMENTO COLETIVO DE UMA SEQUÊNCIA DIDÁTICA  INTERDISCIPLINAR SOBRE RECURSOS MINERAIS: PARCERIA  ENTRE PRECPTORA E RESIDENTES EM QUÍMICA,2023,RESUMO_EXPANDIDO,3
6030,Karla Amâncio Pinto Fields,Campus Riacho Fundo,OS DESAFIOS DA DOCÊNCIA SOB A PERSPECTIVA DE UMA RESIDENTE DO PROGRAMA DE RESIDÊNCIA PEDAGÓGICA DO CAPES/IFB (2022/2024) DO CURSO DE LICENCIATURA EM QUÍMICA DO IFB CAMPUS GAMA NA ESCOLA-CAMPO IFB CAMPUS RIACHO FUNDO COM AS TURMAS DE 1° ANO DO CURSO TÉCNICO INTEGRADO EM COZINHA.,2023,RESUMO,3
6030,Karla Amâncio Pinto Fields,Campus Riacho Fundo,"A QUÍMICA DO OLFATO, O DOCE AROMA DAS PLANTAS: EXPERIÊNCIAS DE UM PROJETO DE ENSINO",2023,RESUMO,5
6030,Karla Amâncio Pinto Fields,Campus Riacho Fundo,PLANEJAMENTO COLABORATIVO ENTRE PRECEPTOR E RESIDENTES EM QUÍMICA DE UMA SEQUÊNCIA DIDÁTICA INTERDISCIPLINAR COM A TEMÁTICA RECURSOS MINERAIS,2023,RESUMO,5
6030,Karla Amâncio Pinto Fields,Campus Riacho Fundo,PRODUTO EDUCACIONAL INTERDISCIPLINAR: AÇÃO DOS  SANEANTES QUÍMICOS NO COMBATE AO COVID-19,2021,RESUMO_EXPANDIDO,6
6030,Karla Amâncio Pinto Fields,Campus Riacho Fundo,Projetos integradores: promovendo a divulgação científica apoiado em algumas obras do PAS/UNB.,2021,COMPLETO,6
6030,Karla Amâncio Pinto Fields,Campus Riacho Fundo,RELATO DE EXPERIÊNCIA INTERDISCIPLINAR COM FOCO NA PREVENÇÃO E COMBATE À COVID-19 PARA ALUNOS DO ENSINO MÉDIO PROFISSIONALIZANTE DO INSTITUTO FEDERAL DE BRASÍLIA,2021,RESUMO,6
6030,Karla Amâncio Pinto Fields,Campus Riacho Fundo,EXPERIÊNCIAS DE FORMAÇÃO DOCENTE EM TEMPOS DE PANDEMIA: METODOLOGIAS ATIVAS E TECNOLOGIAS DIGITAIS PARA O ENSINO REMOTO,2020,RESUMO_EXPANDIDO,3
6031,Catia Silvana Da Costa,Campus São Sebastião,Educação Física Escolar nos Institutos Federais: uma breve revisão de literatura dos conhecimentos específicos vivenciados,2022,RESUMO,3
6031,Catia Silvana Da Costa,Campus São Sebastião,Cultura Corporal de Movimento na Educação Física escolar do IFMS: a organização de eventos,2023,RESUMO,1
6031,Catia Silvana Da Costa,Campus São Sebastião,"I e II JorEFE do IFMS: dificuldades, possibilidades e proposições para a Educação Física Escolar",2023,RESUMO,3
6031,Catia Silvana Da Costa,Campus São Sebastião,Práticas inclusivas nas aulas de Educação Física do IFMS: esportes e jogos adaptados,2021,COMPLETO,1
6031,Catia Silvana Da Costa,Campus São Sebastião,As produções de conhecimentos com estudantes na Educação Física Escolar e o empoderar-se feminino: aproximações entre IFMS e IFSP,2022,COMPLETO,2
6031,Catia Silvana Da Costa,Campus São Sebastião,O trabalho docente no Instituto Federal: a extensão com base em temáticas étnico-raciais,2023,RESUMO_EXPANDIDO,2
6031,Catia Silvana Da Costa,Campus São Sebastião,"Desafios e avanços no início da carreira docente em Educação Física: intervenções, relações e perspectivas",2024,COMPLETO,2
6031,Catia Silvana Da Costa,Campus São Sebastião,Narrativas e desmotivação escolar: causas e impactos no desenvolvimento escolar de adolescentes,2024,COMPLETO,2
6031,Catia Silvana Da Costa,Campus São Sebastião,Violência doméstica: narrativas e desafios na proteção de crianças e adolescentes no ambiente escolar,2024,COMPLETO,2
6031,Catia Silvana Da Costa,Campus São Sebastião,Prática de estágio no Atendimento Educacional Especializado: contribuições de um caso de ensino,2024,COMPLETO,2
6031,Catia Silvana Da Costa,Campus São Sebastião,Culturas agrícolas no ensino médio profissionalizante do IFMS: contribuições para inclusão racial por meio da formação integral,2024,RESUMO_EXPANDIDO,2
6031,Catia Silvana Da Costa,Campus São Sebastião,Tematização da cultura indígena nas escolas por meio do uso de jogos como ferramenta pedagógica,2024,RESUMO,3
6031,Catia Silvana Da Costa,Campus São Sebastião,Histórias de vida e saberes docentes na Educação Física do ensino fundamental: narrativas orais de professores aposentados,2024,RESUMO,2
6031,Catia Silvana Da Costa,Campus São Sebastião,'Eu não quero fazer com ela': narrativas de exclusão e inclusão nos anos iniciais do Ensino Fundamental,2025,RESUMO,5
6031,Catia Silvana Da Costa,Campus São Sebastião,Práticas inclusivas nas aulas de Educação Física do IFMS: esportes e jogos adaptados,2021,COMPLETO,1
6032,Kleydson Jurandir Gonçalves Feio,Campus Ceilândia,Banking liquidity behavior in times of crisis in Brazil,2022,COMPLETO,4
6034,Rodrigo Figueiredo Abdo,Campus Estrutural,On the rheology of ferrofluid emulsions submitted to oscillatory shear under external magnetic fields,2020,RESUMO_EXPANDIDO,3
6035,Paulo Alves De Araújo,Campus Samambaia,Relato de Experiência: Oficina de Atividades Pedagógicas para Educação Infantil,2020,COMPLETO,2
6035,Paulo Alves De Araújo,Campus Samambaia,A Avaliação para as Aprendizagens no Ciclo de Alfabetização,2020,COMPLETO,1
6035,Paulo Alves De Araújo,Campus Samambaia,AVALIAÇÃO PARA AS APRENDIZAGENS NA ORGANIZAÇÃO ESCOLAR EM CICLOS,2020,COMPLETO,2
6035,Paulo Alves De Araújo,Campus Samambaia,"ESTÁGIO CURRICULAR SUPERVISIONADO: SIGNIFICADOS, ANÁLISES DAS EXPERIÊNCIAS DISCENTES",2020,COMPLETO,1
6035,Paulo Alves De Araújo,Campus Samambaia,"PROJETO DE EXTENSÃO - MATEMATICANDO ALFABETIZAÇÃO, LETRAMENTO E FORMAÇÃO NO ENSINO DA MATEMÁTICA PARA OS ANOS INICIAIS DO ENSINO FUNDAMENTAL",2020,COMPLETO,1
6035,Paulo Alves De Araújo,Campus Samambaia,PRODUÇÃO DE MATERIAL DIDÁTICO COMO FERRAMENTA INCLUSIVA E AS CONTRIBUIÇÕES PARA A FORMAÇÃO DE PROFESSORES DA LICENCIATURA EM EDUCAÇÃO PROFISSIONAL E TECNOLÓGICA DO IFB ? CAMPUS SAMAMBAIA,2024,COMPLETO,4
6035,Paulo Alves De Araújo,Campus Samambaia,O PAPEL DO ESTÁGIO SUPERVISIONADO NA FORMAÇÃO DE PROFESSORES DA LICENCIATURA EM EDUCAÇÃO PROFISSIONAL E TECNOLÓGICA,2024,COMPLETO,1
6035,Paulo Alves De Araújo,Campus Samambaia,https://ojs.novapaideia.org/index.php/RIEP/article/view/163/180,2022,COMPLETO,1
6038,Ana Maria Libório De Oliveira,Campus Estrutural,Cubo mágico: análise combinatória e probabilidade para pessoas comdeficiência visual,2020,RESUMO,5
6038,Ana Maria Libório De Oliveira,Campus Estrutural,Sequência didática sobre perímetro e área com alunos deficientes visuais,2020,RESUMO,4
6038,Ana Maria Libório De Oliveira,Campus Estrutural,JOVENS MATLETAS: MINICURSO PREPARATÓRIO PARA OLIMPÍADAS E COMPETIÇÕES DE MATEMÁTICA,2025,COMPLETO,2
6040,João Gabriel Rocha Silva,Campus São Sebastião,Estudo comparativo de métricas de ranking em Redes Sociais,2020,COMPLETO,5
6040,João Gabriel Rocha Silva,Campus São Sebastião,Um modelo matemático para classificação de Fake News na Web,2020,COMPLETO,4
6040,João Gabriel Rocha Silva,Campus São Sebastião,Análise de robustez de redes Peer-to-Peer utilizando métricas de centralidade de vértices,2021,RESUMO,5
6040,João Gabriel Rocha Silva,Campus São Sebastião,Um algoritmo genético para classificação de fake news na Web,2021,RESUMO,8
6040,João Gabriel Rocha Silva,Campus São Sebastião,Protótipo do sistema web do aplicativo Kero Kolaborar,2021,RESUMO,10
6040,João Gabriel Rocha Silva,Campus São Sebastião,Entre o fato e o fake: um estudo sobre os impactos da pós-verdade entre os estudantes do IFMT campus Fronteira Oeste,2021,RESUMO,14
6040,João Gabriel Rocha Silva,Campus São Sebastião,Modelo Matemático apoiado por um Algoritmo Genético para classificação de Fake News na Web,2021,COMPLETO,8
6040,João Gabriel Rocha Silva,Campus São Sebastião,MODELO PARA ESTUDO DE DESEMPENHO ACADÊMICO DE ESTUDANTES E SUAS RELAÇÕES DE AMIZADE UTILIZANDO REDES COMPLEXAS,2021,COMPLETO,2
6040,João Gabriel Rocha Silva,Campus São Sebastião,AMIZADE E DESEMPENHO ACADÊMICO: UM ESTUDO DE CASO UTILIZANDO REDES COMPLEXAS,2021,RESUMO,2
6040,João Gabriel Rocha Silva,Campus São Sebastião,ESTUDO DE PARÂMETROS DE UM ALGORITMO GENÉTICO PARA CLASSIFICAÇÃO DE FAKE NEWS NA WEB,2021,RESUMO,7
6040,João Gabriel Rocha Silva,Campus São Sebastião,Estudo de métricas de ranking na rede de citação de artigos científicos Cora,2022,COMPLETO,3
6040,João Gabriel Rocha Silva,Campus São Sebastião,Colaboração em pesquisa entre os Institutos Federais do Centro-Oeste: identificando oportunidades para o futuro,2023,COMPLETO,6
6040,João Gabriel Rocha Silva,Campus São Sebastião,"Estudo da correlação entre a estrutura de mobilidade terrestre, índice de casos de Covid-19 e informações demográficas dos municípios que possuem campus do IFMT",2023,COMPLETO,4
6040,João Gabriel Rocha Silva,Campus São Sebastião,Professoras de Tecnologia da Informação nas Universidades Federais: um panorama da região Centro-Oeste do Brasil,2023,COMPLETO,5
6040,João Gabriel Rocha Silva,Campus São Sebastião,Análise do comportamento social das estudantes nas turma do curso técnico em Informática de uma Instituição Pública Federal de Ensino utilizando Redes Complexas,2023,COMPLETO,5
6040,João Gabriel Rocha Silva,Campus São Sebastião,Análise do desempenho dos estudantes na disciplina de Programação de Computadores utilizando princípios de comunidades em Redes Complexas,2023,COMPLETO,3
6040,João Gabriel Rocha Silva,Campus São Sebastião,Estudo Comparativo entre um Algoritmo de Evolução Diferencial e um algoritmo Genético para classificação de Fake News na Web,2023,COMPLETO,4
6040,João Gabriel Rocha Silva,Campus São Sebastião,Análise do perfil dos formandos do curso técnico em informática do IFMT campus Pontes e Lacerda,2023,RESUMO_EXPANDIDO,5
6040,João Gabriel Rocha Silva,Campus São Sebastião,"Análise de gênero, classe social e relações de amizade dos concludentes do curso técnico em informática do IFMT - campus Pontes e Lacerda",2023,RESUMO_EXPANDIDO,5
6040,João Gabriel Rocha Silva,Campus São Sebastião,Proposta de mapeamento da rede de pesquisa do IFMT-PLC,2023,RESUMO_EXPANDIDO,5
6040,João Gabriel Rocha Silva,Campus São Sebastião,Avaliando o Desempenho de Modelos Generativos de Dados para Classificação de Notícias Falsas,2024,COMPLETO,4
6040,João Gabriel Rocha Silva,Campus São Sebastião,Onde Estão as Mulheres? Uma Investigação sobre a Presença Feminina nas Comissões Organizadoras de Eventos de Computação no CSBC,2024,COMPLETO,4
6040,João Gabriel Rocha Silva,Campus São Sebastião,Pesquisa em Computação nos Institutos Federais sob a ótica do ENCompIF: refletir sobre o passado é prospectar o futuro,2024,COMPLETO,6
6040,João Gabriel Rocha Silva,Campus São Sebastião,ALGORITMO GENÉTICO PARA AJUSTE DE PARÂMETROS DE MODELO ELETROMECÂNICO CARDÍACO REDUZIDO,2024,COMPLETO,3
6040,João Gabriel Rocha Silva,Campus São Sebastião,"Modelo matemático-computacional reduzido para potencial de ação, dinâmica de cálcio e tensão ativa de cardiomiócitos",2025,COMPLETO,3
6040,João Gabriel Rocha Silva,Campus São Sebastião,Mulheres transformando com tecnologia: um relato de experiência do projeto de extensão ElaTech,2025,COMPLETO,4
6040,João Gabriel Rocha Silva,Campus São Sebastião,NetMetrics: um software para auxiliar o conhecimento em Redes Complexas,2025,COMPLETO,4
6041,Simone Braz Ferreira Gontijo,Reitoria,BRINCADEIRAS POPULARES COMO ESTRATÉGIA DE PERMANÊNCIA: ESTUDO DE CASO DE UM CURSO LIVRE DE LÍNGUA ESPANHOLA,2023,RESUMO,2
6041,Simone Braz Ferreira Gontijo,Reitoria,"BLENDED LEARNING: A IMPLANTAÇÃO DO ENSINO HÍBRIDO NA EDUCAÇÃO  PROFISSIONAL, CIENTÍFICA E TECNOLÓGICA ? ESTUDO DE UM CASO",2022,RESUMO_EXPANDIDO,3
6041,Simone Braz Ferreira Gontijo,Reitoria,A INSTITUCIONALIZAÇÃO DA EDUCAÇÃO A DIST NCIA NO CONTEXTO DOS  CURRÍCULOS DOS CURSOS TÉCNICOS DO INSTITUTO FEDERAL DE BRASÍLIA,2022,RESUMO_EXPANDIDO,2
6041,Simone Braz Ferreira Gontijo,Reitoria,Paulo Freire na sala de aula: dialogicidade e afetividade  no ensino remoto,2021,RESUMO_EXPANDIDO,2
6041,Simone Braz Ferreira Gontijo,Reitoria,COMPETÊNCIAS SOCIOEMOCIONAIS NO ENSINO MÉDIO  INTEGRADO: RESILIÊNCIA ACADÊMICA EM ESTUDANTES EM  SITUAÇÃO DE VULNERABILIDADE,2021,RESUMO,2
6041,Simone Braz Ferreira Gontijo,Reitoria,DIFICULDADES DE APRENDIZAGEM NO ENSINO MÉDIO  INTEGRADO: ORIENTAÇÕES PEDAGÓGICAS PARA PROFISSIONAIS  DA EDUCAÇÃO,2021,RESUMO_EXPANDIDO,2
6041,Simone Braz Ferreira Gontijo,Reitoria,Ações pedagógicas para permanência no IFB,2020,COMPLETO,2
6044,Bruno Marx De Aquino Braga,Campus Estrutural,O uso do geoplano na compreensão dos conceitos de área e perímetro baseado na Teoria de Van Hiele,2022,RESUMO,3
6045,Nilzélia Maria Da Silva Oliveira,Reitoria,O PAPEL DO NEABI ? IFB CAMPUS SÃO SEBASTIÃO: DESAFIOS E PERSPECTIVAS,2023,RESUMO,3
6046,Marcella Nascimento Fernandes,Campus Ceilândia,Letramento em avaliação para professores em formação inicial do Instituto Federal de Brasília,2022,COMPLETO,3
6046,Marcella Nascimento Fernandes,Campus Ceilândia,Letramento em avaliação: da teoria à prática,2024,COMPLETO,1
6047,Nathália De Melo Santos,Campus Brasília,ECOSSISTEMA DE GOVTECH: QUANDO O GOVERNO SE CONECTA À TECNOLOGIA,2025,COMPLETO,4
6047,Nathália De Melo Santos,Campus Brasília,USO DAS TICS E A DEMOCRACIA NO BRASIL: uma análise das ferramentas de participação social no governo federal,2025,COMPLETO,3
6047,Nathália De Melo Santos,Campus Brasília,O PAPEL DO GOVERNO DIGITAL NO ALCANCE DA AGENDA 2030: CONVERGÊNCIAS COM OS ODS,2025,RESUMO,2
6048,Gilberto De Melo Júnior,Campus Samambaia,ANÁLISE DA CLASSIFICAÇÃO DE SINAIS ELETRO-OCULOGRÁFICOS UTILIZANDO APRENDIZADO DE MÁQUINA,2020,RESUMO,2
6048,Gilberto De Melo Júnior,Campus Samambaia,ELECTROOCULOGRAPHY: A PROPOSED METHODOLOGY FOR SENSING HUMAN EYE MOVEMENT,2020,COMPLETO,2
6048,Gilberto De Melo Júnior,Campus Samambaia,Análise de dados de sinais eletrooculográficos utilizando algoritmos de Machine Learning,2022,RESUMO,5
6048,Gilberto De Melo Júnior,Campus Samambaia,Avaliação de dados educacionais utilizando Algoritmos de Árvore de Decisão e Redes Adversárias Generativas (GANs),2023,RESUMO_EXPANDIDO,4
6048,Gilberto De Melo Júnior,Campus Samambaia,Análise de performance de Redes Neurais Multilayer Perceptron (MLP) para classificação de sinais eletrooculográficos,2023,RESUMO_EXPANDIDO,4
6048,Gilberto De Melo Júnior,Campus Samambaia,Análise de dados de sinais Eletro-oculográficos reais e sintéticos utilizando algoritmos baseados em funções,2023,RESUMO_EXPANDIDO,4
6048,Gilberto De Melo Júnior,Campus Samambaia,Análise de dados educacionais reais e sintéticos utilizando algoritmos baseados em funções,2023,RESUMO_EXPANDIDO,4
6048,Gilberto De Melo Júnior,Campus Samambaia,Avaliação de dados de sinais Eletro-oculográficos utilizando Redes Adversárias Generativas (GANs) e Algoritmos de Árvore de Decisão,2023,RESUMO_EXPANDIDO,4
6048,Gilberto De Melo Júnior,Campus Samambaia,Emoções no Ensino à Distância: Uma Abordagem Computacional,2024,RESUMO_EXPANDIDO,4
6048,Gilberto De Melo Júnior,Campus Samambaia,Desenvolvimento de protótipo de um robô seguidor de linha controlado pror Arduino,2022,RESUMO,5
6049,Marcelo Jungmann Pinto,Campus Recanto das Emas,A Sabedoria dos Cipós: Algumas Considerações Sobre a Arte da Esquiva em Dénètem Touam Bona,2022,RESUMO,1
6049,Marcelo Jungmann Pinto,Campus Recanto das Emas,Transatalnticidades e transmigrações: considerações sobre o pensamento hídrico de Beatriz Nascimento,2025,RESUMO,1
6054,Sylvana Karla Da Silva De Lemos Santos,Campus Brasília,Oficina de vídeo acessível para a promoção da inclusão,2020,RESUMO_EXPANDIDO,2
6054,Sylvana Karla Da Silva De Lemos Santos,Campus Brasília,Protótipo de cadeira de roda elétrica com Arduino,2020,RESUMO_EXPANDIDO,6
6054,Sylvana Karla Da Silva De Lemos Santos,Campus Brasília,Inclusão social e digital da pessoa surda: proposta de formação inicial e continuada no IFB,2020,RESUMO,2
6054,Sylvana Karla Da Silva De Lemos Santos,Campus Brasília,Acessibilidade versus invisibilidade das pessoas com deficiência,2020,RESUMO,1
6054,Sylvana Karla Da Silva De Lemos Santos,Campus Brasília,O ensino da Libras mediado pelas tecnologias digitais: um relato de experiência no IFB,2020,RESUMO,5
6054,Sylvana Karla Da Silva De Lemos Santos,Campus Brasília,Experiência com o projeto de extensão rodas de conversa sobre diversidade e inclusão,2020,RESUMO,6
6054,Sylvana Karla Da Silva De Lemos Santos,Campus Brasília,Multiletramento no ensino de Informática e Língua Portuguesa no PROEJA,2020,COMPLETO,2
6054,Sylvana Karla Da Silva De Lemos Santos,Campus Brasília,Tecnologia assistiva como fator de acessibilidade no processo de ensino aprendizagem de surdos,2020,COMPLETO,3
6054,Sylvana Karla Da Silva De Lemos Santos,Campus Brasília,Analítica da Aprendizagem em bases tecnológicas na formação técnica integrada em Informática,2021,RESUMO_EXPANDIDO,2
6054,Sylvana Karla Da Silva De Lemos Santos,Campus Brasília,Programa Novos Caminhos 2020 e Instituto Federal de Brasília: resultados e perspectivas,2021,RESUMO,2
6054,Sylvana Karla Da Silva De Lemos Santos,Campus Brasília,Relato de experiência de ensino em um curso de ensino médio integrado com integração entre língua inglesa e redes de computadores,2021,RESUMO,2
6054,Sylvana Karla Da Silva De Lemos Santos,Campus Brasília,Análise da Participação de Meninas e Mulheres no Ensino Médio em Informática do Instituto Federal de Brasília,2021,RESUMO_EXPANDIDO,1
6054,Sylvana Karla Da Silva De Lemos Santos,Campus Brasília,Propostas para o Atendimento às Pessoas Surdas em Serviços de Governo Eletrônico,2021,COMPLETO,3
6054,Sylvana Karla Da Silva De Lemos Santos,Campus Brasília,Pensamento Computacional e Programação Scratch: uma revisão de literatura do SBIE,2021,COMPLETO,3
6054,Sylvana Karla Da Silva De Lemos Santos,Campus Brasília,Uso da janela de Libras no contexto da educação a distância,2021,RESUMO,4
6054,Sylvana Karla Da Silva De Lemos Santos,Campus Brasília,Aprendizagem significativa no ensino de redes de computadores em um curso técnico integrado ao ensino médio em informática,2021,RESUMO,1
6054,Sylvana Karla Da Silva De Lemos Santos,Campus Brasília,Pensamento computacional e plataforma Scratch: resultados parciais do PIBIC-EM,2021,RESUMO,3
6054,Sylvana Karla Da Silva De Lemos Santos,Campus Brasília,"Planejamento, implementação e avaliação de cursos a distância em um novo contexto educacional brasileiro: um guia para educadores e gestores educacionais",2021,RESUMO,4
6054,Sylvana Karla Da Silva De Lemos Santos,Campus Brasília,Diretoria de Educação a Distância do Instituto Federal de Brasília: uma avaliação dos cursos FIC mediados em 2020,2021,RESUMO,5
6054,Sylvana Karla Da Silva De Lemos Santos,Campus Brasília,STEAM Power for Girls: a experiência do Campus Brasília,2021,RESUMO,2
6054,Sylvana Karla Da Silva De Lemos Santos,Campus Brasília,Programação na educação básica: um estudo sobre a inserção do Scratch no ensino fundamental em uma escola da rede distrital,2021,RESUMO,6
6054,Sylvana Karla Da Silva De Lemos Santos,Campus Brasília,Projeto de ensino integrado no EMI informática para a documentação de sistemas de modo remoto,2021,RESUMO,2
6054,Sylvana Karla Da Silva De Lemos Santos,Campus Brasília,"Inclusão de pessoas com deficiência na educação profissional e tecnológica: estratégias do SENAI Taguatinga, Brasília - DF",2021,RESUMO,2
6054,Sylvana Karla Da Silva De Lemos Santos,Campus Brasília,Ensino de Criptografia em uma Abordagem Inclusiva para Estudantes do Ensino Médio,2021,RESUMO_EXPANDIDO,1
6054,Sylvana Karla Da Silva De Lemos Santos,Campus Brasília,Smarter Library: um sistema inclusivo de busca de bibliotecas do Distrito Federal,2022,RESUMO,4
6054,Sylvana Karla Da Silva De Lemos Santos,Campus Brasília,Analítica da Aprendizagem em um Curso Técnico Integrado: compreender para melhorar,2022,COMPLETO,1
6054,Sylvana Karla Da Silva De Lemos Santos,Campus Brasília,Programação Scratch para Estudantes do Ensino Fundamental de uma Escola Pública do DF,2021,RESUMO_EXPANDIDO,4
6054,Sylvana Karla Da Silva De Lemos Santos,Campus Brasília,Inclusão no Ensino Remoto Emergencial: um estudo de caso sobre o uso de tecnologias digitais no atendimento aos estudantes surdos,2022,RESUMO_EXPANDIDO,2
6054,Sylvana Karla Da Silva De Lemos Santos,Campus Brasília,Meninas e Jogos Eletrônicos: uma análise sobre um grupo de estudantes do ensino médio,2022,RESUMO,1
6054,Sylvana Karla Da Silva De Lemos Santos,Campus Brasília,Ensino de Ciências como proposta integrada em um curso técnico,2022,COMPLETO,3
6054,Sylvana Karla Da Silva De Lemos Santos,Campus Brasília,Pimpolho Kids: Um jogo digital para alfabetização infantil,2022,RESUMO_EXPANDIDO,3
6054,Sylvana Karla Da Silva De Lemos Santos,Campus Brasília,PROJETO DE EXTENSÃO MENINAS NA CIÊNCIA:  relato de experiência,2022,RESUMO_EXPANDIDO,10
6054,Sylvana Karla Da Silva De Lemos Santos,Campus Brasília,Meninas na Ciência IFB: relato das ações do grupo de extensão na SBPC,2022,RESUMO,7
6054,Sylvana Karla Da Silva De Lemos Santos,Campus Brasília,Horta Automatizada com acionamento programado e controlado,2022,RESUMO,5
6054,Sylvana Karla Da Silva De Lemos Santos,Campus Brasília,O uso de sensores eletrônicos para otimizar atividades diárias,2022,RESUMO,4
6054,Sylvana Karla Da Silva De Lemos Santos,Campus Brasília,Projeto Integrador no EMI Informática: da concepção às práticas integradoras,2023,RESUMO,4
6054,Sylvana Karla Da Silva De Lemos Santos,Campus Brasília,Nova Estrutura de Integração do curso EMI Informática para o retorno presencial,2023,RESUMO,4
6054,Sylvana Karla Da Silva De Lemos Santos,Campus Brasília,Sequência Didática para o Ensino de Programação nas Séries Iniciais do Ensino Fundamental,2022,RESUMO_EXPANDIDO,5
6054,Sylvana Karla Da Silva De Lemos Santos,Campus Brasília,Conhecendo mulheres cientistas a partir de jogos,2023,RESUMO_EXPANDIDO,8
6054,Sylvana Karla Da Silva De Lemos Santos,Campus Brasília,Práticas Educativas STEAM no Distrito Federal: relato de experiência,2022,RESUMO,3
6054,Sylvana Karla Da Silva De Lemos Santos,Campus Brasília,Jogo Pimpolho Kids para Alfabetização Infantil,2022,RESUMO_EXPANDIDO,3
6054,Sylvana Karla Da Silva De Lemos Santos,Campus Brasília,Meninas na Ciência: o direito à lembrança feminina,2022,RESUMO,4
6054,Sylvana Karla Da Silva De Lemos Santos,Campus Brasília,Avaliação de Acessibilidade do NEaD-IFB e sugestões de aprimoramento conforme critérios WCAG,2023,RESUMO,2
6054,Sylvana Karla Da Silva De Lemos Santos,Campus Brasília,Ações do projeto IFMaker para impulsionar a criatividade no aprendizado Maker: um relato de experiência,2023,COMPLETO,4
6054,Sylvana Karla Da Silva De Lemos Santos,Campus Brasília,Narrativa não-linear: integração entre Língua Portuguesa e Web Design,2023,RESUMO_EXPANDIDO,1
6054,Sylvana Karla Da Silva De Lemos Santos,Campus Brasília,"Presença das Meninas na Ciência do IFB: ensino, pesquisa e extensão",2023,RESUMO,5
6054,Sylvana Karla Da Silva De Lemos Santos,Campus Brasília,Propostas de objetos didáticos para confecção 3D para o ensino de Ciências e Matemática,2023,RESUMO,4
6054,Sylvana Karla Da Silva De Lemos Santos,Campus Brasília,Meninas na Ciência: iniciação científica em uma nova abordagem,2023,RESUMO,5
6054,Sylvana Karla Da Silva De Lemos Santos,Campus Brasília,Empreendedorismo feminino: mulheres empreendedoras no meio científico e tecnológico,2023,RESUMO,3
6054,Sylvana Karla Da Silva De Lemos Santos,Campus Brasília,Mulheres em cargos de liderança: uma pesquisa de iniciação científica no Campus Brasília,2023,RESUMO,2
6054,Sylvana Karla Da Silva De Lemos Santos,Campus Brasília,Empreendedorismo Feminino como opção de renda pessoal e familiar,2023,RESUMO,2
6054,Sylvana Karla Da Silva De Lemos Santos,Campus Brasília,Prática com Simulador Tinkercad no Ensino de Computação no Ensino Médio Integrado,2024,RESUMO,1
6054,Sylvana Karla Da Silva De Lemos Santos,Campus Brasília,Mulheres na Liderança: um estudo qualitativo sobre como incentivar mulheres em cargos de liderança,2024,RESUMO,2
6054,Sylvana Karla Da Silva De Lemos Santos,Campus Brasília,Respeito em Ambiente Escolar,2024,RESUMO,6
6054,Sylvana Karla Da Silva De Lemos Santos,Campus Brasília,Byjutech: criação de bijuterias sustentáveis com tecnologia,2024,RESUMO_EXPANDIDO,4
6054,Sylvana Karla Da Silva De Lemos Santos,Campus Brasília,Hope Sprouts: a little action starts the change,2024,RESUMO_EXPANDIDO,4
6054,Sylvana Karla Da Silva De Lemos Santos,Campus Brasília,Maternidade e Ciência no IFB Campus Brasília,2024,RESUMO_EXPANDIDO,2
6054,Sylvana Karla Da Silva De Lemos Santos,Campus Brasília,Materiais Didáticos para o ensino de Ciências e Matemática: um relato de experiência a partir de uma proposta de PIBIC-EM,2024,RESUMO_EXPANDIDO,4
6054,Sylvana Karla Da Silva De Lemos Santos,Campus Brasília,Projeto Byjutech: sustentabilidade a partir de resíduos eletrônicos,2024,RESUMO_EXPANDIDO,4
6054,Sylvana Karla Da Silva De Lemos Santos,Campus Brasília,Projeto Byjutech: criando bijuterias a partir de tecnologia,2025,RESUMO,4
6054,Sylvana Karla Da Silva De Lemos Santos,Campus Brasília,Aprendizagem em Blocos para auxiliar a Rotina Diária de Crianças Autistas,2025,RESUMO_EXPANDIDO,2
6054,Sylvana Karla Da Silva De Lemos Santos,Campus Brasília,Direitos Humanos: precisamos falar sobre respeito em ambiente escolar,2025,RESUMO_EXPANDIDO,6
6054,Sylvana Karla Da Silva De Lemos Santos,Campus Brasília,Habilidades Técnicas e Comportamentais na orientação de grupos no Projeto Integrador,2025,RESUMO_EXPANDIDO,2
6054,Sylvana Karla Da Silva De Lemos Santos,Campus Brasília,A violência política como fator limitante da representação política feminina,2023,RESUMO,3
6054,Sylvana Karla Da Silva De Lemos Santos,Campus Brasília,Dez Cartas para a Educação Inclusiva,2025,RESUMO,2
6054,Sylvana Karla Da Silva De Lemos Santos,Campus Brasília,Mulheres na liderança: um estudo qualitativo sobre como incentivar mulheres em cargos de liderança,2025,RESUMO,2
6054,Sylvana Karla Da Silva De Lemos Santos,Campus Brasília,Pobreza Menstrual no Brasil e no Mundo,2025,RESUMO,3
6054,Sylvana Karla Da Silva De Lemos Santos,Campus Brasília,Empreendelas: a tecnologia como ferramenta para expandir o empreendedorismo feminino na agricultura,2025,RESUMO,3
6054,Sylvana Karla Da Silva De Lemos Santos,Campus Brasília,Fly Girl: uma plataforma sobre liderança e conexões entre mulheres,2025,RESUMO,3
6054,Sylvana Karla Da Silva De Lemos Santos,Campus Brasília,Empreendedorismo Feminino como opção de renda pessoal e familiar,2025,RESUMO,2
6054,Sylvana Karla Da Silva De Lemos Santos,Campus Brasília,Empreendedorismo Feminino e mulheres de baixa renda no Distrito Federal,2025,RESUMO,2
6054,Sylvana Karla Da Silva De Lemos Santos,Campus Brasília,Necessidades e preferências dos usuários para o desenvolvimento de um aplicativo de apoio a vítimas de violência contra a mulher,2025,RESUMO,3
6054,Sylvana Karla Da Silva De Lemos Santos,Campus Brasília,Importunação Sexual,2025,RESUMO,3
6054,Sylvana Karla Da Silva De Lemos Santos,Campus Brasília,GIRLS2CEO,2025,RESUMO,3
6054,Sylvana Karla Da Silva De Lemos Santos,Campus Brasília,Por que as mulheres sentem medo e insegurança de fracassar no empreendedorismo?,2025,RESUMO,2
6054,Sylvana Karla Da Silva De Lemos Santos,Campus Brasília,Pimpolho Kids: uma imersão lúdica como apoio ao processo de alfabetização através da abordagem Design Thinking,2025,RESUMO,2
6054,Sylvana Karla Da Silva De Lemos Santos,Campus Brasília,Violência contra as mulheres dentro das áreas STEAM,2025,RESUMO,3
6054,Sylvana Karla Da Silva De Lemos Santos,Campus Brasília,A participação das mulheres empreendedoras do Distrito Federal na área de Robótica,2025,RESUMO,3
6054,Sylvana Karla Da Silva De Lemos Santos,Campus Brasília,Empreendorismo Feminino: mulheres na área da ciência e da tecnologia,2025,RESUMO,3
6054,Sylvana Karla Da Silva De Lemos Santos,Campus Brasília,Alfabeto das Mulheres Brasileiras na Ciência como proposta para a alfabetização científica,2025,RESUMO_EXPANDIDO,11
6054,Sylvana Karla Da Silva De Lemos Santos,Campus Brasília,REALIDADE AUMENTADA NO ENSINO DE INFORMÁTICA BÁSICA: PROTOTIPAGEM CRIATIVA COM DESIGN THINKING,2025,RESUMO_EXPANDIDO,5
6054,Sylvana Karla Da Silva De Lemos Santos,Campus Brasília,Mangaba Cerrado: aplicativo educacional para registro da  flora local,2025,RESUMO_EXPANDIDO,16
6054,Sylvana Karla Da Silva De Lemos Santos,Campus Brasília,Avaliação da acessibilidade digital do site de governo Meu INSS com foco no desenvolvedor,2025,RESUMO_EXPANDIDO,2
6054,Sylvana Karla Da Silva De Lemos Santos,Campus Brasília,Ferramenta para identificação precoce de Sintomas Depressivos baseado no PHQ-9,2025,RESUMO_EXPANDIDO,4
6054,Sylvana Karla Da Silva De Lemos Santos,Campus Brasília,Interfaces para a Pluralidade: Desafios Socioculturais em  IHC,2025,COMPLETO,2
6054,Sylvana Karla Da Silva De Lemos Santos,Campus Brasília,MBSTEAM: um jogo de tabuleiro para divulgar mulheres brasileiras,2024,RESUMO_EXPANDIDO,3
6057,Rita De Cássia Mendonça,Campus Brasília,"Festival de Artes de Goiás, uma história de resistências",2024,RESUMO_EXPANDIDO,2
6057,Rita De Cássia Mendonça,Campus Brasília,VIVÊNCIAS EM MÚSICA E DANÇA abordagens inter e transdisciplinares como facilitadoras da expressividade de dançarinos,2021,RESUMO_EXPANDIDO,3
6057,Rita De Cássia Mendonça,Campus Brasília,"'A Questão do Currículo no IFB e as discussões de gênero e raça no contexto dos cursos do ensino médio, técnicos e superiores",2021,RESUMO_EXPANDIDO,1
6057,Rita De Cássia Mendonça,Campus Brasília,ABORDAGEM INTEGRADA ENTRE J. DALCROZE E R. LABAN: CRITICIDADE E AUTONOMIA NA FORMAÇÃO MUSICAL DE PROFESSORES DE DANÇA,2024,RESUMO_EXPANDIDO,1
6058,Fábio Henrique Monteiro Oliveira,Campus Brasília,Protótipo de sistema para coleta de dados inerciais com foco na doença de Parkinson,2020,COMPLETO,2
6058,Fábio Henrique Monteiro Oliveira,Campus Brasília,Desenvolvimento de ferramenta de chatbot como solução para a comunicação do IFB,2021,COMPLETO,5
6058,Fábio Henrique Monteiro Oliveira,Campus Brasília,Sistema para organização e fornecimento de dados de projetos institucionais do IFB,2021,RESUMO,2
6058,Fábio Henrique Monteiro Oliveira,Campus Brasília,Desenvolvimento de um dashboard web para visualização de dados relacionados com a doença de Parkinson,2022,RESUMO_EXPANDIDO,3
6058,Fábio Henrique Monteiro Oliveira,Campus Brasília,Visualização de dados de sensores inerciais a partir do uso de técnicas de redução dimensional com foco na doença de Parkinson,2021,RESUMO,2
6058,Fábio Henrique Monteiro Oliveira,Campus Brasília,Health care professionals' perceptions regarding the challenges of mechanical ventilation in the context of the COVID-19 pandemic,2021,RESUMO,12
6058,Fábio Henrique Monteiro Oliveira,Campus Brasília,Pain assessment of individuals with Parkinson's disease,2021,COMPLETO,15
6058,Fábio Henrique Monteiro Oliveira,Campus Brasília,A Systematic Review of Serious Games Used for Upper-Limb Rehabilitation of Individuals with Parkinson's Disease,2021,COMPLETO,14
6058,Fábio Henrique Monteiro Oliveira,Campus Brasília,RehaBEElitation: Un Jeu Sérieux pour la Rééducation des Membres Supérieurs des Personnes Atteintes de la Maladie de Parkinson,2021,COMPLETO,16
6058,Fábio Henrique Monteiro Oliveira,Campus Brasília,Proposition d'une nouvelle méthode d'analyse quantitative de la rigidité du poignet dans la maladie de Parkinson,2021,COMPLETO,16
6058,Fábio Henrique Monteiro Oliveira,Campus Brasília,DIAGNÓSTICO DO PDP DE UM PROJETO DESENVOLVIDO EM EQUIPES VIRTUAIS PARA A CONSTRUÇÃO DE UM VENTILADOR PULMONAR DE BAIXO CUSTO,2021,COMPLETO,7
6058,Fábio Henrique Monteiro Oliveira,Campus Brasília,Évaluation de l'influence du professionnel de santé dans l'application du jeu sérieux RehaBEElitation pour les patients atteints de la maladie de Parkinson,2022,COMPLETO,16
6058,Fábio Henrique Monteiro Oliveira,Campus Brasília,Proposta de avaliação de usabilidade da interface do usuário do ventilador mecânico Ticê,2022,COMPLETO,7
6058,Fábio Henrique Monteiro Oliveira,Campus Brasília,Painel informativo de dados sobre o tratamento e a influência da terapia na doença de Parkinson,2022,RESUMO_EXPANDIDO,3
6058,Fábio Henrique Monteiro Oliveira,Campus Brasília,Aprimoramento de sistema para detecção de movimentos com foco no suporte ao diagnóstico da doença de Parkinson,2022,RESUMO,2
6058,Fábio Henrique Monteiro Oliveira,Campus Brasília,Avaliação da Destreza Manual de Indivíduos com Doença de Parkinson,2022,COMPLETO,15
6058,Fábio Henrique Monteiro Oliveira,Campus Brasília,Sistema de Visualização de Dados da Doença de Parkinson,2022,COMPLETO,7
6058,Fábio Henrique Monteiro Oliveira,Campus Brasília,A utilização de chatbots como ferramenta de apoio em saúde mental,2023,RESUMO_EXPANDIDO,3
6058,Fábio Henrique Monteiro Oliveira,Campus Brasília,Teste de Usabilidade de um Aplicativo de Apoio à Produção de Mel Orgânico,2023,COMPLETO,6
6058,Fábio Henrique Monteiro Oliveira,Campus Brasília,Proposta de aplicativo para comercialização de produtos de agricultura orgânica,2023,COMPLETO,5
6058,Fábio Henrique Monteiro Oliveira,Campus Brasília,Ações do projeto IFMaker para impulsionar a criatividade no aprendizado Maker: um relato de experiência,2023,COMPLETO,4
6058,Fábio Henrique Monteiro Oliveira,Campus Brasília,Aplicação da Bibliometria como Referencial Bibliográfico no Desenvolvimento de Chatbot para Saúde Mental,2024,COMPLETO,4
6058,Fábio Henrique Monteiro Oliveira,Campus Brasília,Painel de dados do Sistec: uma ferramenta para apoio à tomada de decisão,2024,COMPLETO,5
6058,Fábio Henrique Monteiro Oliveira,Campus Brasília,Appidae: Mapeamento de imagens com drones e aplicativo com IA para apoio à apicultura orgânica,2024,COMPLETO,5
6058,Fábio Henrique Monteiro Oliveira,Campus Brasília,Painel informativo de dados sobre o tratamento e a influência da terapia na doença de Parkinson,2023,COMPLETO,5
6058,Fábio Henrique Monteiro Oliveira,Campus Brasília,Évaluation de l'utilisabilité d'un jeu sérieux pour la rééducation des personnes atteintes de la maladie de Parkinson,2022,COMPLETO,16
6059,Ricardo Faustino Teles,Campus Samambaia,A CONTRIBUIÇÃO DAS NARRATIVAS DOS SUJEITOS DA EDUCAÇÃO PROFISSIONAL E TECNOLÓGICA PARA O DESENVOLVIMENTO DO ENSINO MÉDIO INTEGRADO NO INSTITUTO FEDERAL DE BRASÍLIA: memórias e novos desafios.,2020,RESUMO,4
6059,Ricardo Faustino Teles,Campus Samambaia,EDUCAÇÃO PROFISSIONAL ALÉM DAS GRADES: UM ESTUDO DE CASO NA ASSOCIAÇÃO DE PROTEÇÃO E ASSISTÊNCIA AOS CONDENADOS DE PARACATU/MG,2020,RESUMO,2
6059,Ricardo Faustino Teles,Campus Samambaia,Primeiras impressões da contribuição da política pública PRONATEC na educação profissional e tecnológica: um estudo de caso com egressos em Alto Paraíso de Goiás.,2023,RESUMO_EXPANDIDO,2
6059,Ricardo Faustino Teles,Campus Samambaia,Propriedades acústicas da madeira de roxinho (Peltogyne sp.) modificada termicamente,2022,COMPLETO,2
6060,Rodrigo Cardoso Da Silva,Campus Brasília,Mestrado Profissional em Turismo no Centro-Oeste: Proposta de ensino híbrido e integrado,2022,RESUMO,8
6060,Rodrigo Cardoso Da Silva,Campus Brasília,Governança em Turismo: O Conselho Estadual de Turismo de Mato Grosso do Sul sob a ótica de seus conselheiros,2022,RESUMO,3
6060,Rodrigo Cardoso Da Silva,Campus Brasília,G20 e Turismo: Análise das Medidas Implementadas pelos  Países Membros no Contexto do Turismo Sustentável e do Crescimento Econômico,2025,RESUMO,3
6060,Rodrigo Cardoso Da Silva,Campus Brasília,Cultura Centralizada: avaliando o investimento em eventos  culturais no Distrito Federal,2025,RESUMO,2
6060,Rodrigo Cardoso Da Silva,Campus Brasília,A Interiorização do Turismo no Brasil,2021,RESUMO,3
6061,Newton Vieira Lima Neto,Campus Riacho Fundo,Uma viagem intercultural: contribuições de uma experiência de intercâmbio para o desenvolvimento da competência comunicativa intercultural na educação básica,2021,RESUMO,2
6061,Newton Vieira Lima Neto,Campus Riacho Fundo,A tradução de legendas como técnica potencial no desenvolvimento das habilidades de leitura e escrita no ensino de língua inglesa,2021,RESUMO,2
6061,Newton Vieira Lima Neto,Campus Riacho Fundo,De plateia a ator: A ressignificação de uma comunidade imaginada de aprendizes de língua estrangeira como alternativa ao bullying e à violência escolar,2022,RESUMO,1
6061,Newton Vieira Lima Neto,Campus Riacho Fundo,Roteiros de aprendizagem na formação de professores de línguas: os passos que ficam para além da memória pandêmica,2022,RESUMO,1
6062,Pedro Carvalho Brom,Campus Estrutural,"APLICAÇÃO DO MÉTODO AHP PARA APOIO À TOMADA DE DECISÃO EM UM MODELO DE CONSTRUÇÃO DE DISCIPLINAS MATEMÁTICAS: uma proposta para o componente curricular de pré-cálculo nos institutos federais de educação, ciência e tecnologia",2022,RESUMO_EXPANDIDO,3
6062,Pedro Carvalho Brom,Campus Estrutural,Threshold Determination for Chinese Character Image Processing in Multimodal Information Fusion,2024,COMPLETO,3
6062,Pedro Carvalho Brom,Campus Estrutural,Implementing AI for Enhanced Public Services Gov.br: A Methodology for the Brazilian Federal Government,2024,COMPLETO,14
6062,Pedro Carvalho Brom,Campus Estrutural,SLIM-RAFT: A Novel Fine-Tuning Approach to Improve Cross-Linguistic Performance for Mercosur Common Nomenclature,2024,COMPLETO,5
6062,Pedro Carvalho Brom,Campus Estrutural,PROPOSTA METODOLÓGICA PARA DIAGNÓSTICO DE DEFASAGEM ESCOLAR,2022,RESUMO,2
6062,Pedro Carvalho Brom,Campus Estrutural,PROPOSTA DE JOGO DE CARTAS PARA REFORÇO DE CONCEITOS MATEMÁTICOS NO ENSINO SUPERIOR,2025,RESUMO_EXPANDIDO,2
6062,Pedro Carvalho Brom,Campus Estrutural,Uso do Bootstrap não paramétrico na determinação da melhor ração para aumento de peso em produção avícola,2024,RESUMO,2
6062,Pedro Carvalho Brom,Campus Estrutural,"Inferência do número de abates no torneio de League of Legends, Mid-Season Invitational",2024,RESUMO,3
6062,Pedro Carvalho Brom,Campus Estrutural,Jogo de cartas para consolidação de fundamentos matemáticos em cursos de exatas,2024,RESUMO,5
6062,Pedro Carvalho Brom,Campus Estrutural,Aplicação de cadeias de Markov e estratégias de compra e venda em criptoativos e ações,2024,RESUMO,2
6062,Pedro Carvalho Brom,Campus Estrutural,Relação entre fatores demográficos e econômicos e a adesão à previdência privada,2024,RESUMO,5
6063,Arthur Benfica Senra,Campus Recanto das Emas,"Curadoria: Reparações, constelações e visões do cinema brasileiro.",2024,COMPLETO,1
6069,Tiago Henrique Faccio Segato,Campus Brasília,CURSO DE FORMAÇÃO INICIAL E CONTINUADA: introdução à programação utilizando a linguagem Swift,2022,RESUMO_EXPANDIDO,4
6069,Tiago Henrique Faccio Segato,Campus Brasília,Teste de Usabilidade de um Aplicativo de Apoio à Produção de Mel Orgânico,2023,RESUMO_EXPANDIDO,6
6069,Tiago Henrique Faccio Segato,Campus Brasília,GERADOR DE CRONOGRAMA DE ESTUDOS DESTINADO AOS EDITAIS DE RESIDÊNCIA MÉDICA,2024,RESUMO_EXPANDIDO,2
6069,Tiago Henrique Faccio Segato,Campus Brasília,GLICOGOTAS: UM APLICATIVO PARA EDUCAÇÃO INFANTIL EM DIABETES MELLITUS TIPO 1,2024,RESUMO_EXPANDIDO,7
6069,Tiago Henrique Faccio Segato,Campus Brasília,Pimpolho Kids: Um jogo digital para alfabetização infantil,2022,RESUMO_EXPANDIDO,3
6071,Paula Queiroz Dutra,Campus Brasília,Viollence Against Women in Mulheres Empilhadas by Patrícia Melo,2021,RESUMO_EXPANDIDO,1
6071,Paula Queiroz Dutra,Campus Brasília,Between Pain and Silence: Violence Against Women in Contemporary Novels,2021,RESUMO_EXPANDIDO,1
6072,Suzana Curi Guerra,Campus Taguatinga,A ROUPA DOS MEUS ANCESTRAIS: ANCESTRALIDADE NA FORMAÇÃO DE ESTUDANTES DE MODA,2024,COMPLETO,2
6072,Suzana Curi Guerra,Campus Taguatinga,MODELARIA: METODOLOGIA PARA O ENSINO DE ENGINEERED PRINT,2024,COMPLETO,3
6072,Suzana Curi Guerra,Campus Taguatinga,"Tessitura: costurando ensino, pesquisa e extensão",2024,COMPLETO,3
6073,Sandro Nunes De Oliveira,Campus Gama,CONHECENDO O MUNDO ATRAVÉS DOS MAPAS: RELATO DE EXPERIÊNCIA DO USO DE RECURSOS DIGITAIS NA CARTOGRAFIA NO ENSINO DE GEOGRAFIA DA EDUCAÇÃO BÁSICA EM FORMOSA (GO),2023,COMPLETO,2
6074,Tatiana De Macedo Soares Rotolo,Campus Riacho Fundo,Filosofia e comida: um caminho a trilhar,2021,RESUMO_EXPANDIDO,1
6075,Patrícia Silva Santiago Melo,Campus Ceilândia,PROJETO ELETRO LIBRAS: APLICATIVO PARA PROMOVER A ACESSIBILIDADE E INCLUSÃO DE ALUNOS SURDOS NO CURSO DE ELETRÔNICA DO IFB ? CAMPUS CEILÂNDIA,2024,COMPLETO,4
6075,Patrícia Silva Santiago Melo,Campus Ceilândia,DA ESCOLA AO SANTUÁRIO DOS PAJÉS: CONHECENDO E VALORIZANDO OS POVOS INDÍGENAS NO BRASIL E NO DISTRITO FEDERAL (DF),2024,COMPLETO,2
6076,Fernando Wagner Brito Hortêncio Filho,Campus Brasília,APRENDIZAGEM DE MÁQUINA APLICADA AO PROBLEMA DA EVASÃO EM CAMPI DO INTERIOR DE UMA INSTITUIÇÃO DE ENSINO,2020,COMPLETO,4
6076,Fernando Wagner Brito Hortêncio Filho,Campus Brasília,Predição de Evasão Utilizando Técnicas de Classificação: Um Estudo de Caso do Instituto Federal do Ceará,2020,COMPLETO,3
6076,Fernando Wagner Brito Hortêncio Filho,Campus Brasília,Análise de Classificadores para Predição de Evasão dos Campi de uma Instituição de Ensino Federal,2020,COMPLETO,3
6076,Fernando Wagner Brito Hortêncio Filho,Campus Brasília,Uma proposta de modelo de causalidade baseada em ontologias para incidência de sífilis,2020,RESUMO_EXPANDIDO,2
6076,Fernando Wagner Brito Hortêncio Filho,Campus Brasília,Uma análise de modelos de séries temporais para predição de evasão discente: Estudo de caso do IFCE,2022,COMPLETO,3
6076,Fernando Wagner Brito Hortêncio Filho,Campus Brasília,Predição de fidelização de doadores de sangue utilizando algoritmos de classificação,2022,RESUMO_EXPANDIDO,6
6076,Fernando Wagner Brito Hortêncio Filho,Campus Brasília,Uso de séries temporais na predição de coleta de bolsas de sangue em um hemocentro público,2022,RESUMO_EXPANDIDO,3
6076,Fernando Wagner Brito Hortêncio Filho,Campus Brasília,PERFIL DE DOADORES DE SANGUE DE UM HEMOCENTRO PÚBLICO DO DISTRITO FEDERAL: UM ESTUDO TRANSVERSAL,2022,RESUMO,4
6076,Fernando Wagner Brito Hortêncio Filho,Campus Brasília,PROPOSTA DE UM DASHBOARD PARA AUXILIAR O FHB  NA GESTÃO DE SANGUE E PLAQUETAS AFÉRESE,2024,RESUMO_EXPANDIDO,3
6076,Fernando Wagner Brito Hortêncio Filho,Campus Brasília,Rumo a um Dashboard para auxílio na gestão de sangue e plaquetas,2024,RESUMO_EXPANDIDO,3
6076,Fernando Wagner Brito Hortêncio Filho,Campus Brasília,Análise de Classificadores para Predição de Evasão em um Curso superior de Tecnologia da informação de um Instituto Federal,2025,COMPLETO,4
6077,Rodrigo Lima Pereira,Campus Estrutural,Design of Periodic Acoustic Barriers Using an Evolutionary Topological Optimization Procedure,2020,COMPLETO,3
6077,Rodrigo Lima Pereira,Campus Estrutural,Topology Optimization of Multilayered Acoustic-Poroelastic-Elastic Structures for Sound Attenuation,2022,COMPLETO,3
6077,Rodrigo Lima Pereira,Campus Estrutural,MANIFEST filter box: a conceptual optical and opto-mechanical design,2024,COMPLETO,11
6077,Rodrigo Lima Pereira,Campus Estrutural,Structural-thermal-optical performance (STOP) analysis of a theoretical Newtonian telescope using the Ansys-Zemax-STAR package,2025,COMPLETO,5
6077,Rodrigo Lima Pereira,Campus Estrutural,"Concept, implementation, and on-sky commissioning of the AO polarimetric module on MagAO-X",2025,COMPLETO,17
6077,Rodrigo Lima Pereira,Campus Estrutural,Topology Optimization Design of Acoustic-Poroelastic-Elastic Structures by the BESO Approach,2022,COMPLETO,2
6078,Maria Eneida Matos Da Rosa,Campus São Sebastião,OFICINA DE ZINE: SUPORTE PARA ANÁLISE E REFLEXÃO SOBRE A PRESENÇA DO 'ANALFABETO ENDINHEIRADO' NA LITERATURA BRASILEIRA E A CRISE DA FORMAÇÃO CULTURAL,2021,RESUMO,1
6078,Maria Eneida Matos Da Rosa,Campus São Sebastião,"OFICINA DE ZINE EM QUARTO DE DESPEJO: DIÁRIO DE UMA FAVELADA, DE CAROLINA MARIA DE JESUS: LETRAMENTO LITERÁRIO E DIGITAL E DIREITOS HUMANOS",2021,RESUMO,4
6078,Maria Eneida Matos Da Rosa,Campus São Sebastião,NAS REDES DA LITERATURA: as experiências do projeto de letramento literário na escola,2021,COMPLETO,4
6078,Maria Eneida Matos Da Rosa,Campus São Sebastião,LETRAMENTO LITERÁRIO E NOVAS TECNOLOGIAS NA ESCOLA: UMA PROPOSTA TEÓRICO-PRÁTICA PARA A FORMAÇÃO INICIAL E CONTINUADA DE PROFESSORAS E PROFESSORES DA EDUCAÇÃO BÁSICA,2022,COMPLETO,2
6078,Maria Eneida Matos Da Rosa,Campus São Sebastião,Breve inventário das ações referentes ao projeto e grupo de pesquisa 'Nas redes da literatura',2022,RESUMO,5
6078,Maria Eneida Matos Da Rosa,Campus São Sebastião,REPOSITÓRIO E CURADORIA DIGITAL DO PROJETO NAS REDES DA LITERATURA,2022,RESUMO,5
6078,Maria Eneida Matos Da Rosa,Campus São Sebastião,"OFICINA DE ZINE: LETRAMENTOS E OLHAR SOCIAL A PARTIR DO CONTO ?PAI CONTRA MÃE?, DE MACHADO DE ASSIS?",2022,RESUMO,5
6078,Maria Eneida Matos Da Rosa,Campus São Sebastião,Letramento literário e oficina de zine: propostas para a crise de formação cultural a partir da análise do personagem ?analfabeto endinheirado? na literatura brasileira,2022,RESUMO,1
6078,Maria Eneida Matos Da Rosa,Campus São Sebastião,"AUTORIA, LETRAMENTO LITERÁRIO E DIGITAL NA EDUCAÇÃO BÁSICA: ESTRATÉGIAS PARA DIALOGAR COM OS DIREITOS HUMANOS",2023,RESUMO,1
6081,Vinícius Machado Dos Santos,Campus Planaltina,Protium heptaphyllum Essential Oil: Antibacterial Efficacy on Hatching Eggshells and Toxicity Profile Using the Hen's Egg Test Chorioallantoic Membrane (HET-CAM),2024,RESUMO,3
6081,Vinícius Machado Dos Santos,Campus Planaltina,In vitro antibacterial activity of lavandula angustifolia and its ability to control bacteria on eggshells,2024,RESUMO,6
6081,Vinícius Machado Dos Santos,Campus Planaltina,Effect of different types of plasticizes polyols on shelf life of eggs,2024,RESUMO,5
6081,Vinícius Machado Dos Santos,Campus Planaltina,Shelf life of eggs coated with whey protein,2024,RESUMO,5
6081,Vinícius Machado Dos Santos,Campus Planaltina,Natural antibacterial protocol for sanitizing eggshells.,2024,RESUMO,4
6081,Vinícius Machado Dos Santos,Campus Planaltina,Essential oil: A green plan for bacterial control on eggshells.,2024,RESUMO,4
6081,Vinícius Machado Dos Santos,Campus Planaltina,Effects of cassava starch coating enriched with essential oils on internal quality of table egg,2022,RESUMO,3
6081,Vinícius Machado Dos Santos,Campus Planaltina,Eggshell microbiology and quality of chick embryos from eggs sanitized with clove essential oil,2022,RESUMO,2
6081,Vinícius Machado Dos Santos,Campus Planaltina,Uso de biologgers na avaliação da termorregulação de matrizes suínas criadas ao ar livre,2021,RESUMO_EXPANDIDO,8
6081,Vinícius Machado Dos Santos,Campus Planaltina,Study of the thermal comfort zone of broiler chicks,2021,RESUMO,6
6081,Vinícius Machado Dos Santos,Campus Planaltina,Native tree species as the key point for thermal comfort and sustainability improvement in free range systems.,2021,RESUMO,8
6081,Vinícius Machado Dos Santos,Campus Planaltina,Thermoregulatory responses of sows in free-range systems under tropical environment,2021,RESUMO,9
6081,Vinícius Machado Dos Santos,Campus Planaltina,Prototype for non-invasive studies of the thermal comfort zone of broiler chicks.,2021,RESUMO,7
6081,Vinícius Machado Dos Santos,Campus Planaltina,Clove essential oil: alternative for sanitizing hatching eggs,2021,RESUMO,3
6081,Vinícius Machado Dos Santos,Campus Planaltina,Characterization of the load microclimate during broiler chickens transport using the enthalpy comfort index,2021,RESUMO,3
6081,Vinícius Machado Dos Santos,Campus Planaltina,"Efeito antimicrobiano do óleo essencial de capim-limão (cymbopogon citratus) frente às cepas padrão de Escherichia coli (ATCC 25922), Pseudomonas aeruginosa (ATCC 27853) e Staphylococcus aureus (ATCC 25923)",2020,RESUMO,3
6082,Sergio Magno Carvalho De Souza,Campus Ceilândia,O continente africano no Ensino de Geografia a partir da Lei 10.639/03,2022,COMPLETO,3
6083,Tiago De Jesus E Castro,Campus Taguatinga,Produção e Caracterização de Nanopartículas de Yb:ZnO Visando Aplicação em Células Solares Sensibilizadas por Corantes,2020,RESUMO,2
6083,Tiago De Jesus E Castro,Campus Taguatinga,Desenvolvimento de um protótipo experimental de baixo custo utilizando a plataforma Arduino para o ensino de polarização por reflexão,2021,RESUMO,2
6083,Tiago De Jesus E Castro,Campus Taguatinga,AN EASY AND LOW COST METHOD FOR DETECTION OF L-CYSTEINE RESIDUES BASED ON SILVER NANOPARTICLES PRODUCED BY GREEN SYNTHESIS,2022,RESUMO,4
6083,Tiago De Jesus E Castro,Campus Taguatinga,Synthesis and characterization of niobium doped goethites through Rietveld refinement,2022,RESUMO,3
6083,Tiago De Jesus E Castro,Campus Taguatinga,"OPTIMIZAÇÃO ENERGÉTICA DE CÉLULAS SOLARES SENSIBILIZADAS POR CORANTES NATURAIS ATRAVÉS DO USO DE NANOPARTÍCULAS DE ZnO DOPADAS COM ÉRBIO, HÓLMIO E NÍQUEL",2022,RESUMO,2
6083,Tiago De Jesus E Castro,Campus Taguatinga,Desenvolvimento de sistema baseado em nanopartículas de prata funcionalizadas para detecção de resíduos de cipermetrina,2022,RESUMO,2
6083,Tiago De Jesus E Castro,Campus Taguatinga,Estudo da degradação de corante empregando goethitas dopadas,2022,RESUMO_EXPANDIDO,3
6083,Tiago De Jesus E Castro,Campus Taguatinga,USO DE SÍNTESE VERDE PARA PRODUÇÃO DE NANOPARTÍCULAS DE PRATA VISANDO A DETECÇÃO DE RESÍDUOS DE CLORPIRIFÓS EM ALIMENTOS,2022,RESUMO,2
6083,Tiago De Jesus E Castro,Campus Taguatinga,USO DE SÍNTESE VERDE PARA PRODUÇÃO DE NANOPARTÍCULAS DE PRATA VISANDO A DETECÇÃO DE RESÍDUOS DE CLORPIRIFÓS EM ALIMENTOS,2022,RESUMO,2
6083,Tiago De Jesus E Castro,Campus Taguatinga,DESENVOLVIMENTO DE UM MÉTODO DE BAIXO CUSTO PARA DETECÇÃO DE RESÍDUOS DE L-CISTEÍNA BASEADO EM NANOPARTÍCULAS DE PRATA,2022,RESUMO,4
6083,Tiago De Jesus E Castro,Campus Taguatinga,SÍNTESE E APLICAÇÃO DO NANOCOMPÓSITO TiO2/CoFe2O4 PARA FOTODEGRADAÇÃO DE REJEITOS DE CORANTES TÊXTEIS,2023,RESUMO,3
6083,Tiago De Jesus E Castro,Campus Taguatinga,NANOPARTÍCULAS DE PRATA PRODUZIDAS POR SÍNTESE VERDE: UM ESTUDO ESPECTROSCÓPIO PARA ENTENDER OS MECANISMOS DE SÍNTESE E DETECÇÃO COLORIMÉTRICA DE L-CISTEÍNA,2023,RESUMO,3
6083,Tiago De Jesus E Castro,Campus Taguatinga,SÍNTESE E APLICAÇÃO DO NANOCOMPÓSITO TiO2/CoFe2O4 PARA FOTODEGRADAÇÃO DE REJEITOS DE CORANTES TÊXTEIS,2023,RESUMO,3
6083,Tiago De Jesus E Castro,Campus Taguatinga,INVESTIGAÇÃO SOBRE A POSSIBILIDADE DE DETECÇÃO COLORIMÉTRICA DE RESÍDUOS DE GLIFOSATO POR NANOPARTÍCULAS DE Ag PRODUZIDAS POR SÍNTESE VERDE,2023,RESUMO,2
6083,Tiago De Jesus E Castro,Campus Taguatinga,ESTUDO ESPECTROSCÓPICO DOS MECANISMOS DE DETECÇÃO COLORIMÉTRICA DE L-CISTEÍNA POR NANOPARTÍCULAS DE AG SINTETIZADAS A PARTIR DO EXTRATO DA CASCA DE BANANA,2023,RESUMO,2
6083,Tiago De Jesus E Castro,Campus Taguatinga,SÍNTESE E APLICAÇÃO DE NANOCOMPÓSITO DE TIO2/COFE2O4 PARA FOTODEGRADAÇÃO DE REJEITOS DE CORANTES TÊXTEIS,2023,RESUMO,2
6083,Tiago De Jesus E Castro,Campus Taguatinga,Investigation of the Ho-doped ZnO nanoparticles aiming at dye photocatalysis,2024,RESUMO,5
6083,Tiago De Jesus E Castro,Campus Taguatinga,Síntese e caracterização de nanopartículas de NaYF4:Er3+-Yb3+ visando aplicações em biomarcadores,2024,RESUMO,2
6083,Tiago De Jesus E Castro,Campus Taguatinga,"Nanopartículas de Ho:ZnO: sintese, investigação e aplicações para fotodegradação de corantes visando despoluição de efluentes",2024,RESUMO,2
6083,Tiago De Jesus E Castro,Campus Taguatinga,Aumentando a eficiência da luminescência upconversion em NaYF4:Er3+-Yb3+,2024,RESUMO,2
6083,Tiago De Jesus E Castro,Campus Taguatinga,SÍNTESE E CARACTERIZAÇÃO DE NANOPARTÍCULAS DE NaYF4:Er3+-Yb3+ VISANDO APLICAÇÕES EM BIOMARCADORES,2024,RESUMO,2
6083,Tiago De Jesus E Castro,Campus Taguatinga,Investigação de nanopartículas de ZnO dopadas com Ho visando a fotocatálise de corantes,2024,RESUMO,2
6083,Tiago De Jesus E Castro,Campus Taguatinga,DeCIFra!: a software tool for crystallographic information file analysis,2025,RESUMO,2
6083,Tiago De Jesus E Castro,Campus Taguatinga,DeCIFra! Uma ferramenta computacional para análise de arquivos de informação cristalográfica,2025,RESUMO,2
6083,Tiago De Jesus E Castro,Campus Taguatinga,"Síntese e caracterização de Er3+,Yb3+:NaYF4 para aplicações e tintas anti-falsificação",2025,RESUMO,5
6083,Tiago De Jesus E Castro,Campus Taguatinga,Desenvolvimento de um sistema fotocatalítico UV-C automatizado baseado em Arduino para estudos de degradação de poluentes,2025,RESUMO,4
6083,Tiago De Jesus E Castro,Campus Taguatinga,Desenvolvimento de Células Solares Sensibilizadas por Corantes Naturais Baseadas em Nanopartículas de Óxido de Zinco,2020,RESUMO,2
6086,José Vandério Cirqueira Pinto,Campus Riacho Fundo,"GEOGRAFIA SELVAGEM: O ACAMPAMENTO TERRA LIVRE COMO R-EXISTÊNCIA AO MASSACRE, DESASTRE E COLAPSO",2023,COMPLETO,1
6087,Shirlei Neves Dos Santos,Campus Gama,O TRABALHO COLABORATIVO EM PRÁTICAS DE LINGUAGEM EM CONTEXTOS DE  ENSINO-APRENDIZAGEM,2021,RESUMO,3
6087,Shirlei Neves Dos Santos,Campus Gama,CRIAÇÃO DE CONTEXTOS ESCOLARES PARA A PRODUÇÃO COLABORATIVO-CRÍTICA E  SEUS EFEITOS NA APRENDIZAGEM DA INTEPRETAÇÃO DE TEXTOS,2021,RESUMO,1
6087,Shirlei Neves Dos Santos,Campus Gama,A criação de contextos escolares para a produção colaborativo-crítica e seus efeitos na aprendizagem de interpretação de textos,2022,RESUMO,3
6089,Raquel Sena Mendes,Campus São Sebastião,MELODÍAS ENFÁTICAS EN PORTUGUÉS DE BRASIL,2022,RESUMO_EXPANDIDO,2
6090,Ernani Aguiar Perez Abreu,Campus Gama,REFLEXÕES SOBRE RECURSOS DIGITAIS INTEGRADOS NAS PRÁTICAS PEDAGÓGICAS RELACIONADAS AO ENSINO REMOTO,2022,COMPLETO,1
6090,Ernani Aguiar Perez Abreu,Campus Gama,Contribuição das tecnologias digitais de informação e comunicação (tdic) na educação durante o período da pandemia em um instituto federal do centro-oeste brasileiro,2025,RESUMO_EXPANDIDO,1
6090,Ernani Aguiar Perez Abreu,Campus Gama,"Wushu, Kung Fu no IF: Promovendo Qualidade Educacional e Extensão Comunitária",2025,RESUMO,1
6092,Carolina Soares Mendes,Campus São Sebastião,Extensão e Educação Popular: uma análise do processo de curricularização da extensão no Brasil,2023,COMPLETO,2
6092,Carolina Soares Mendes,Campus São Sebastião,A extensão como educação: percepções de estudantes extensionistas como promotores de diálogos sobre políticas públicas municipais,2022,COMPLETO,2
6093,Dayse Kelly Barreiros De Oliveira,Campus São Sebastião,Identidade do Pedagogo: formação e atuação,2022,COMPLETO,3
6094,Maurílio Tiradentes Dutra,Campus Estrutural,Associação entre a circunferência abdominal e o nível de gordura visceral avaliado por impedância bioelétrica,2021,RESUMO,5
6094,Maurílio Tiradentes Dutra,Campus Estrutural,Conhecimento de estudantes de graduação em matemática sobre estatística aplicada à pesquisa científica,2023,RESUMO,3
6094,Maurílio Tiradentes Dutra,Campus Estrutural,Análise da composição corporal e da Aptidão cardiorrespiratória dos servidores do Instituto Federal de Brasília Campus Estrutural,2023,RESUMO,6
6094,Maurílio Tiradentes Dutra,Campus Estrutural,"Análise da aptidão física e de indicadores de saúde de servidores do Instituto Federal de Brasília, Campus Estrutural",2023,RESUMO,7
6094,Maurílio Tiradentes Dutra,Campus Estrutural,Conhecimento e percepção de estudantes de graduação em matemática sobre metodologia científica e estatística,2023,RESUMO,2
6094,Maurílio Tiradentes Dutra,Campus Estrutural,ASSOCIAÇÃO ENTRE A SEVERIDADE DOS SINTOMAS DE COVID-19 COM A  COMPOSIÇÃO CORPORAL E COM A FORÇA MUSCULAR EM HOMENS ATÉ 45  ANOS DE IDADE,2024,RESUMO_EXPANDIDO,4
6094,Maurílio Tiradentes Dutra,Campus Estrutural,Aptidão física de estudantes de uma instituição pública do Distrito Federal,2024,RESUMO,5
6094,Maurílio Tiradentes Dutra,Campus Estrutural,Análise da composição corporal de estudantes do ensino médio do Instituto Federal de Brasília,2024,RESUMO,4
6094,Maurílio Tiradentes Dutra,Campus Estrutural,Análise da força muscular de estudantes do Ensino Médio Integrado do Instituto Federal de Brasília,2024,RESUMO,4
6094,Maurílio Tiradentes Dutra,Campus Estrutural,Indicadores de saúde e uso de suplementos alimentares entre servidores do IFB,2024,RESUMO,2
6094,Maurílio Tiradentes Dutra,Campus Estrutural,Análise da percepção de força muscular em estudantes do ensino médio da rede federal de ensino profissional e tecnológico,2024,RESUMO,3
6094,Maurílio Tiradentes Dutra,Campus Estrutural,"Impacto do exercício de força sobre a ansiedade, estresse e depressão relacionados à Covid Longa",2025,RESUMO,4
6094,Maurílio Tiradentes Dutra,Campus Estrutural,Treinamento resistido e reabilitação de COVID Longa: uma revisão sistemática,2025,RESUMO,2
6094,Maurílio Tiradentes Dutra,Campus Estrutural,Efeito de diferentes tipos de exercício resistido sobre a força muscular e sobre a gravidade dos sintomas de COVID Longa,2025,RESUMO,5
6094,Maurílio Tiradentes Dutra,Campus Estrutural,Efeito do exercício resistido e da suplementação de magnésio dimalato na reabilitação de indivíduos acometidos por covid longa,2025,RESUMO,5
6096,Luiza Rossi Campos,Campus Recanto das Emas,Cinema e Direitos Humanos: direção enquanto lugar de fala,2021,RESUMO_EXPANDIDO,1
6098,Débora Leite Silvano,Reitoria,PRODUTO EDUCACIONAL: UMA EXPERIÊNCIA DE FORMAÇÃO CONTINUADA NA EDUCAÇÃO PROFISSIONAL E TECNOLÓGICA,2022,COMPLETO,2
6098,Débora Leite Silvano,Reitoria,Educação permanente em saúde: impacto das metodologias ativas na formação profissional,2025,RESUMO_EXPANDIDO,2
6098,Débora Leite Silvano,Reitoria,EDUCAÇÃO PERMANENTE EM SAÚDE: ANÁLISE DO PERFIL DO PROFISSIONAL ENFERMEIRO ATUANTE NA UNIDADE DE CENTRO OBSTÉTRICO DO HOSPITAL REGIONAL DE PLANALTINA-DF,2025,RESUMO_EXPANDIDO,2
6098,Débora Leite Silvano,Reitoria,Comparação da entomofaunaem áreas de agricultura orgânica e convencional no Distrito Federal,2024,RESUMO,2
6098,Débora Leite Silvano,Reitoria,Educação Profissional e Tecnológica no Plano Nacional de Educação (2014-2024) e no Plano Distrital de Educação (2015-2024): avanços e desafios na implementação da Meta 11,2021,RESUMO,2
6100,Marcelo Rodrigues Dos Santos,Campus Brasília,Extração e Caracterização do Óleo das Sementes do Fruto Nativo do Cerrado Annonna Crassiflora Mart,2022,RESUMO_EXPANDIDO,3
6100,Marcelo Rodrigues Dos Santos,Campus Brasília,DIFUSÃO E IMPLANTAÇÃO DE BOAS PRÁTICAS DE GESTÃO DE RESÍDUOS SÓLIDOS A PARTIR DA BIODIGESTÃO,2022,RESUMO_EXPANDIDO,3
6101,João Vitor Resende Leal,Campus Recanto das Emas,"Apontamentos sobre o personagem de cinema: Através do narrativo, do figural e do material",2021,COMPLETO,1
6102,Hênio Delfino Ferreira De Oliveira,Campus Planaltina,Compreensão da motivação para o aprendizado de estatística descritiva na ambientação em educação a distância,2020,COMPLETO,2
6102,Hênio Delfino Ferreira De Oliveira,Campus Planaltina,A evolução do desempenho de alunos nos conteúdos de geometria plana e espacial após a construção de jogos didáticos,2020,RESUMO,1
6102,Hênio Delfino Ferreira De Oliveira,Campus Planaltina,Licenciatura em biologia do Instituto Federal de Brasília ? Campus Planaltina: uma avaliação em diferentes perspectivas,2021,RESUMO,2
6102,Hênio Delfino Ferreira De Oliveira,Campus Planaltina,Programa Novos Caminhos 2020 e Instituto Federal de Brasília: resultados e perspectivas,2021,RESUMO,2
6102,Hênio Delfino Ferreira De Oliveira,Campus Planaltina,Estágio supervisionado obrigatório em tempos de crise: oportunidades da educação a distância na formação docente no contexto da educação profissional,2020,COMPLETO,2
6102,Hênio Delfino Ferreira De Oliveira,Campus Planaltina,Aplicativos educacionais e os seus potenciais para a educação básica,2021,RESUMO,1
6102,Hênio Delfino Ferreira De Oliveira,Campus Planaltina,Rótulos na formação de novos profissionais e a análise de um caso concreto,2021,RESUMO,2
6102,Hênio Delfino Ferreira De Oliveira,Campus Planaltina,Indicadores de qualidade e a licenciatura em biologia do Instituto Federal de Brasília no cenário brasileiro em 2021,2021,RESUMO,2
6102,Hênio Delfino Ferreira De Oliveira,Campus Planaltina,Os potenciais da agroindústria do Distrito Federal,2021,RESUMO,2
6102,Hênio Delfino Ferreira De Oliveira,Campus Planaltina,Curso de formação em estatística descritiva mediado versus autoinstrucional: um comparativo entre metodologias,2021,RESUMO,1
6102,Hênio Delfino Ferreira De Oliveira,Campus Planaltina,Aprendizagem em grupos: um estudo sobre o formato ideal,2021,RESUMO,6
6102,Hênio Delfino Ferreira De Oliveira,Campus Planaltina,"Planejamento, implementação e avaliação de cursos a distância em um novo contexto educacional brasileiro: um guia para educadores e gestores educacionais",2021,RESUMO,4
6102,Hênio Delfino Ferreira De Oliveira,Campus Planaltina,Aplicativos educacionais e os potenciais para o ensino da matemática,2021,COMPLETO,1
6102,Hênio Delfino Ferreira De Oliveira,Campus Planaltina,O Instagram como estratégia educativa para o ensino de biologia: hashtags e influenciadores brasileiros,2022,RESUMO_EXPANDIDO,3
6102,Hênio Delfino Ferreira De Oliveira,Campus Planaltina,"Problemas abertos em Matemática: identificação, elaboração e avaliação",2023,COMPLETO,3
6102,Hênio Delfino Ferreira De Oliveira,Campus Planaltina,Reflexões de professores que ensinam matemática no NRE de Laranjeiras sobre o grupo de estudos formadores em ação 2021,2023,COMPLETO,3
6102,Hênio Delfino Ferreira De Oliveira,Campus Planaltina,A criatividade docente na resolução de problemas abertos em Matemática,2023,RESUMO,3
6102,Hênio Delfino Ferreira De Oliveira,Campus Planaltina,A importância da criatividade na educação: reflexões sobre seu desenvolvimento,2023,RESUMO,1
6102,Hênio Delfino Ferreira De Oliveira,Campus Planaltina,A importância da criatividade na educação: reflexões sobre seu desenvolvimento,2023,RESUMO,1
6102,Hênio Delfino Ferreira De Oliveira,Campus Planaltina,Criatividade em Matemática através de Problemas  Abertos nos Anos Finais do Ensino Fundamental,2025,RESUMO_EXPANDIDO,1
6102,Hênio Delfino Ferreira De Oliveira,Campus Planaltina,Diretoria de Educação a Distância do Instituto Federal de Brasília: uma avaliação dos cursos FIC mediados em 2020,2021,RESUMO,5
6103,Eduardo Klein Carmona,Campus Recanto das Emas,"Gayprix de Vôlei: esporte, turismo e representatividade",2024,RESUMO_EXPANDIDO,1
6103,Eduardo Klein Carmona,Campus Recanto das Emas,"Bharbixas em Quadra: relações entre Associativismo Esportivo, Lazer e Comunidade LGBTQIAPN+",2024,RESUMO_EXPANDIDO,2
6103,Eduardo Klein Carmona,Campus Recanto das Emas,"Bharbixas Esporte Clube: Esporte e Comunidade LGBTQIAPN+ de Belo Horizonte, Brasi",2025,RESUMO,3
6103,Eduardo Klein Carmona,Campus Recanto das Emas,Competições Esportivas Gays no Brasil: o caso da Campinons LiGay e do GayPrix,2025,RESUMO,2
6103,Eduardo Klein Carmona,Campus Recanto das Emas,"As ?bixas? no esporte: associativismo, lazer e sexualidade",2025,COMPLETO,1
6103,Eduardo Klein Carmona,Campus Recanto das Emas,"Gay sports associativism, leisure, and cultural resistance in Brazil",2025,RESUMO,3
6103,Eduardo Klein Carmona,Campus Recanto das Emas,Currículos invisíveis nas práticas de lazer: o caso do Bharbixas Esporte Clube de Minas Gerais/Brasil,2025,COMPLETO,3
6103,Eduardo Klein Carmona,Campus Recanto das Emas,Homenagens digitais? Um levantamento das postagens sobre o aniversário da jogadora Marta e as reações no Instagram,2025,COMPLETO,3
6103,Eduardo Klein Carmona,Campus Recanto das Emas,Associativismo esportivo gay e práticas culturais de resistência: uma etnografia com o Bharbixas Esporte Clube,2025,RESUMO,2
6104,Renan Amabile Boscariol,Campus Riacho Fundo,O uso da linguagem cinematográfica para uma abordagem pedagógica de temas da geografia escolar no centro educacional 02 riacho fundo i/brasília-df.,2023,COMPLETO,3
6105,Elisangela Aparecida Nazario Franco,Campus Riacho Fundo,Incorporation of Psyllium (Plantago ovata FORSSK) into Food and its Health Benefits,2021,RESUMO_EXPANDIDO,1
6106,Thiago De Faria E Silva,Campus Recanto das Emas,DIÁLOGO ENTRE LITERATURA E ALIMENTAÇÃO: UMA PROPOSTA LITERÁRIA COM O GÊNERO TEXTUAL CRÔNICA,2021,RESUMO,2
6106,Thiago De Faria E Silva,Campus Recanto das Emas,Capital Cultural e herança familiar: contribuições de Bourdieu para os estudos das desigualdades escolares,2023,COMPLETO,2
6106,Thiago De Faria E Silva,Campus Recanto das Emas,Juventudes e culturas escolares no educação profissional e tecnológica.,2023,COMPLETO,2
6108,Marina Neves Delgado,Campus Planaltina,Nectários extraflorais em uma comunidade de cerrado sensu stricto do Distrito Federal,2024,RESUMO,4
6108,Marina Neves Delgado,Campus Planaltina,"Plantas em floração como incentivo a visitação nas trilhas do Parque Colégio Agrícola de Brasília.,",2024,RESUMO,2
6108,Marina Neves Delgado,Campus Planaltina,Catálogo ilustrativo e trilha ecológica como estratégias de ensino na mitigação da invisibilidade botânica,2023,RESUMO,6
6108,Marina Neves Delgado,Campus Planaltina,Plantas em flores nas trilhas do Parque Ecológico Colégio Agrícola de Brasília,2023,RESUMO,4
6108,Marina Neves Delgado,Campus Planaltina,Experimentação como Metodologia de Ensino para os Conteúdos de Germinação e Desenvolvimento Vegetal,2023,RESUMO,2
6108,Marina Neves Delgado,Campus Planaltina,Levantamento florístico das áreas antrópicas do Instituto Federal de Brasília Campus Planaltina,2023,RESUMO,4
6108,Marina Neves Delgado,Campus Planaltina,EU SEI FISIOLOGIA VEGETAL: um jogo de cartas sobre hormônios e movimento dos vegetais,2023,RESUMO,2
6108,Marina Neves Delgado,Campus Planaltina,Manual de Aulas Práticas de Fotossíntese Baseado no Método Investigativo,2023,RESUMO,4
6108,Marina Neves Delgado,Campus Planaltina,Levantamento da flora cultivada do IFB Campus Planaltina por meio de entrevistas,2022,RESUMO,7
6108,Marina Neves Delgado,Campus Planaltina,Levantamento preliminar da flora cultivada em áreas construídas do IFB Campus Planaltina por meio de caminhada aleatória,2022,RESUMO,7
6108,Marina Neves Delgado,Campus Planaltina,Histórias em quadrinhos descomplicando os temas saúde global e pandemia da Covid-19,2022,RESUMO,2
6108,Marina Neves Delgado,Campus Planaltina,Criação de um material paradidático com experimentos de Bioquímica,2022,RESUMO,3
6108,Marina Neves Delgado,Campus Planaltina,O método científico no ensino de Biotecnologia e Bioquímica,2022,RESUMO,3
6112,Victoria Araujo Ganzaroli Amador Reis,Campus Riacho Fundo,Higiene e Segurança Alimentar em Serviços de Alimentação e Hospedagem: relato de experiência interdisciplinar em tempos de pandemia,2021,RESUMO,5
6112,Victoria Araujo Ganzaroli Amador Reis,Campus Riacho Fundo,Mindful Eating e Gastronomia: uma revisão narrativa de literatura,2021,RESUMO,3
6112,Victoria Araujo Ganzaroli Amador Reis,Campus Riacho Fundo,MEDICINA CULINÁRIA COMO ALIADA NA PREVENÇÃO E TRATAMENTO DE DOENÇAS CRÔNICAS,2024,RESUMO,3
6113,José Rogério De Oliveira,Campus Planaltina,"MOMENTO IFG NA COMUNIDADE Extensão, participação popular e mobilidade no IFG Cidade de Goiás",2020,COMPLETO,3
6116,Aline Auxiliadora Tireli,Campus Estrutural,"DESENVOLVIMENTO E PRODUÇÃO DE SABONETES CONTENDO PRÓPOLIS, MEL, PÓLEN E AÇAFRÃO",2020,RESUMO,5
6116,Aline Auxiliadora Tireli,Campus Estrutural,ESTUDO DA DEGRADAÇÃO DE CORANTE EMPREGANDO GOETHITAS DOPADAS,2022,RESUMO_EXPANDIDO,3
6116,Aline Auxiliadora Tireli,Campus Estrutural,OBTENÇÃO DE AÇÚCARES FERMENTESCÍVEIS A PARTIR DO BAGAÇO DO MALTE: Melhores Parâmetros para catálise ácida,2022,RESUMO_EXPANDIDO,3
6117,Rodrigo Silva Duran,Campus Taguatinga,Improving Global Participation in the SIGCSE Technical Symposium,2020,RESUMO_EXPANDIDO,5
6117,Rodrigo Silva Duran,Campus Taguatinga,Measuring the Cognitive Load of Learning to Program: A&nbsp;Replication Study,2020,COMPLETO,5
6117,Rodrigo Silva Duran,Campus Taguatinga,"Study Major, Gender, and Confidence Gap: Effects on Experience, Performance, and Self-Efficacy in Introductory Programming",2020,COMPLETO,4
6117,Rodrigo Silva Duran,Campus Taguatinga,Gender Differences in Introductory Programming,2020,COMPLETO,3
6117,Rodrigo Silva Duran,Campus Taguatinga,Parsons Problems and Beyond,2022,COMPLETO,10
6117,Rodrigo Silva Duran,Campus Taguatinga,When Computing is Mandatory: Sense of Belonging and Self-Efficacy in Elementary and Secondary Education,2023,RESUMO_EXPANDIDO,2
6117,Rodrigo Silva Duran,Campus Taguatinga,Evasão nos Cursos de Graduação em Computação no Brasil,2024,COMPLETO,3
6117,Rodrigo Silva Duran,Campus Taguatinga,¿Eu posso aprender tudo online¿: Uma Análise das Notional Machines do TikTok para Aprender Programação,2024,COMPLETO,3
6118,Dauster Souza Pereira,Campus Brasília,Avaliação do uso de um aplicativo móvel voltado para o cuidado em saúde,2024,COMPLETO,4
6118,Dauster Souza Pereira,Campus Brasília,DESENVOLVIMENTO DE PLATAFORMAS WEB: REDESIGN DO PORTAL IFB,2025,RESUMO_EXPANDIDO,5
6118,Dauster Souza Pereira,Campus Brasília,REALIDADE AUMENTADA NO ENSINO DE INFORMÁTICA BÁSICA: PROTOTIPAGEM CRIATIVA COM DESIGN THINKING,2025,RESUMO_EXPANDIDO,5
6119,Claudio Nei Nascimento Da Silva,Campus Brasília,Função social da escola na contemporaneidade: concepções do acesso,2020,COMPLETO,2
6119,Claudio Nei Nascimento Da Silva,Campus Brasília,A CONCEPÇÃO DE AVALIAÇÃO NA REDE CERTIFIC: UMA ANÁLISE A PARTIR DOS FUNDAMENTOS FREIREANOS E GRAMSCIANOS DA RELAÇÃO INDIVÍDUO-SOCIEDADE,2023,COMPLETO,2
6119,Claudio Nei Nascimento Da Silva,Campus Brasília,"A gestão na rede federal educação, ciência e tecnologia: uma análise a partir da percepção gestores do ensino",2023,RESUMO_EXPANDIDO,2
6119,Claudio Nei Nascimento Da Silva,Campus Brasília,A realidade da pessoa com deficiência no Instituto Federal de Brasília: desafios da formação para o mundo do trabalho,2023,RESUMO_EXPANDIDO,2
6119,Claudio Nei Nascimento Da Silva,Campus Brasília,A pandemia de Covid-19 e a Educação Profissional e Tecnológica: uma análise das ações do Instituto Federal de Brasília (IFB) num contexto de emergência sanitária global,2022,RESUMO_EXPANDIDO,2
6120,Susana Suely Rodrigues Milhomem Paixão,Campus Planaltina,"Estudos cromossômicos e análises toxicológicas do Stryphnodendron adstringens (Mart.)  Coville (Barbatimão), s",2020,RESUMO,2
6120,Susana Suely Rodrigues Milhomem Paixão,Campus Planaltina,VISITA TÉCNICA EM ÁREA DE CERRADO: a importância de o discente em Licenciatura em Biologia visitar o Cerrado,2021,RESUMO,2
6120,Susana Suely Rodrigues Milhomem Paixão,Campus Planaltina,Monitoramento ambiental por análise de micronúcleos em peixes do córrego Córguinho - Bacia Hidrográfica do Rio São Bartolomeu em Brasília - DF,2022,RESUMO,2
6120,Susana Suely Rodrigues Milhomem Paixão,Campus Planaltina,"Análises cromossômicas em peixes do gênero Astyanax proveniente do rio São Bartolomeu, Planaltina-DF",2022,RESUMO,2
6120,Susana Suely Rodrigues Milhomem Paixão,Campus Planaltina,Inovação e Desenvolvimento de uma Esponja Floral Biodegradável,2023,RESUMO,2
6120,Susana Suely Rodrigues Milhomem Paixão,Campus Planaltina,AVALIAÇÃO DOS EFEITOS DA POLUIÇÃO EM ESPÉCIES DE PEIXES DO RIO SÃO BARTOLOMEU (DF) ATRAVÉS DO TESTE DE MICRONÚCLEOS,2023,RESUMO,2
6120,Susana Suely Rodrigues Milhomem Paixão,Campus Planaltina,Investigadores genéticos: gamificação como estratégia inovadora no ensino de doenças metabólicas,2025,RESUMO,3
6120,Susana Suely Rodrigues Milhomem Paixão,Campus Planaltina,ENVIRONMENTAL MONITORING BY MICRONUCLEI ANALYSIS IN FISH FROM THE CORGUINHO STREAM BELONGING TO THE SÃO BARTHOLOMEU RIVER WATERSHED IN BRASÍLIA-DF.,2022,RESUMO,2
6122,David Frederik Da Silva Cavalcante,Campus Gama,Empreendedorismo e desenvolvimento rural: a importância da competência empreendedora para a comercialização da produção na agricultora familiar,2021,COMPLETO,3
6122,David Frederik Da Silva Cavalcante,Campus Gama,QUALIDADE DE PASTAGENS: UMA ANÁLISE BIBLIOMÉTRICA DE ENFOQUES E PERSPECTIVAS DE PESQUISA,2025,COMPLETO,4
6123,Bruno Da Rocha Braga,Campus Brasília,"Classification Analysis of Sequences of Event Outcomes: Implementing an Inductive, Comparative Method based on Formal Language Theory",2023,RESUMO,1
6126,Silvia Dias Da Costa Fernandes,Campus Planaltina,COMPARAÇÃO DE PROTOCOLOS PARA EXTRAÇÃO DO DNA: vegetal e animal,2022,RESUMO,3
6126,Silvia Dias Da Costa Fernandes,Campus Planaltina,TECIDOS VEGETAIS: aproximação da botânica às TICs,2023,RESUMO,3
6126,Silvia Dias Da Costa Fernandes,Campus Planaltina,Confecção de Livro Pop Up para Ensino de Anatomia Vegetal,2023,RESUMO,3
6126,Silvia Dias Da Costa Fernandes,Campus Planaltina,Produção de Laminário a partir de Tecidos Vegetais de Espécies de Interesse Agronômico para Atividades Práticas em Anatomia Vegetal,2023,RESUMO,3
6126,Silvia Dias Da Costa Fernandes,Campus Planaltina,Educação Científica Atrativa por Meio de Feiras de Ciências,2023,RESUMO,5
6126,Silvia Dias Da Costa Fernandes,Campus Planaltina,Investigação Científica como Facilitadora para o Ensino de Germinação e Desenvolvimento Vegetal,2023,RESUMO,3
6126,Silvia Dias Da Costa Fernandes,Campus Planaltina,Ciência Forense Durante a 14ª Feira de Ciências do IFB- Campus Planaltina,2023,RESUMO,2
6126,Silvia Dias Da Costa Fernandes,Campus Planaltina,CÉLULAS IMUNOLÓGICAS: uma importância para a vida na 14a Feira de Ciências do IFB ? Campus Planaltina,2023,RESUMO,2
6126,Silvia Dias Da Costa Fernandes,Campus Planaltina,"Aplicativo mobile para ensino de Tecidos Vegetais, uma pesquisa de opinião",2023,RESUMO,3
6126,Silvia Dias Da Costa Fernandes,Campus Planaltina,"Revisão Bibliográfica da Etnobotânica da Lobeira, Pequi e Mama-cadela Presentes no Cerrado Brasileiro",2022,RESUMO,2
6126,Silvia Dias Da Costa Fernandes,Campus Planaltina,Modelos Didáticos Confeccionados com Materiais Reutilizáveis e de Baixo Custo para Apoio ao Ensino sobre Vírus Causadores de Doenças no Brasil no IFB - Campus Planaltina,2022,RESUMO,4
6126,Silvia Dias Da Costa Fernandes,Campus Planaltina,O Ensino de Botânica a partir de Estruturas Anatômicas de Espécies Agronômicas,2022,RESUMO,4
6126,Silvia Dias Da Costa Fernandes,Campus Planaltina,"Relevância da Microtécnica Vegetal em Eventos de Ensino, Pesquisa e Extensão",2022,RESUMO,4
6126,Silvia Dias Da Costa Fernandes,Campus Planaltina,Aplicativo Mobile para Ensino de Tecidos Vegetais,2022,RESUMO,4
6126,Silvia Dias Da Costa Fernandes,Campus Planaltina,"Abordagem Etnobotânica das Espécies Brosimum gaudichaudii, Caryocar brasiliense e Solanum lycocarpum do Cerrado Brasileiro",2022,RESUMO,2
6126,Silvia Dias Da Costa Fernandes,Campus Planaltina,Investigação de Atlas de Anatomia Vegetal Disponíveis na Internet,2022,RESUMO,2
6126,Silvia Dias Da Costa Fernandes,Campus Planaltina,"Relevância da Microtécnica Vegetal em Eventos de Ensino, Pesquisa e Extensão do Instituto Federal de Brasília",2022,RESUMO,4
6126,Silvia Dias Da Costa Fernandes,Campus Planaltina,GUIA DAS CRIPTÓGAMAS: roteiro de aulas práticas para abordagem de botânica no ensino fundamental,2020,RESUMO,2
6126,Silvia Dias Da Costa Fernandes,Campus Planaltina,BINGO BOTÂNICO: uma abordagem interativa sobre a morfologia e anatomia das angiospermas,2020,RESUMO,2
6128,Katia Guimarães Sousa Palomo,Campus Brasília,"Innovative Educational Environments: a case study of LabINOVA of the Federal Institute of Education, Science and Technology of Brasília",2020,RESUMO_EXPANDIDO,4
6131,Jose Elenilson Cruz,Campus Gama,Viabilidade da Produção da Hermetia Illucens e suas aplicações científicas: uma revisão sistemática de literatura,2025,COMPLETO,2
6131,Jose Elenilson Cruz,Campus Gama,Análise qualitativa das causas alegadas por produtores rurais para pedidos de recuperação judicial no Brasil,2025,COMPLETO,3
6131,Jose Elenilson Cruz,Campus Gama,Panorama da Cadeia Produtiva da Seringueira na Região Centro Oeste,2025,COMPLETO,4
6131,Jose Elenilson Cruz,Campus Gama,PERFIL SOCIOECONÔMICO DO PRODUTOR RURAL QUE SOLICITA RECUPERAÇÃO JUDICIAL NO BRASIL,2024,COMPLETO,3
6131,Jose Elenilson Cruz,Campus Gama,"CADEIA DO EUCALIPTO NA REGÃO CENTRO-OESTE DO BRASIL: ASPECTOS CHAVES, PONTENCIALIDADES E FRAGILIDADES",2024,COMPLETO,4
6131,Jose Elenilson Cruz,Campus Gama,Abordagens de Competitividade e Inovação em Estudos no Agronegócio,2024,COMPLETO,2
6131,Jose Elenilson Cruz,Campus Gama,Características do consumidor de queijos artesanais e suas influências na intenção de compra,2023,COMPLETO,2
6131,Jose Elenilson Cruz,Campus Gama,"A RECUPERAÇÃO JUDICIAL DO PRODUTOR RURAL NO BRASIL - UM DIÁLOGO ENTRE DIREITO, ECONOMIA E ADMINISTRAÇÃO",2023,COMPLETO,3
6131,Jose Elenilson Cruz,Campus Gama,Análise Bibliométrica de Pesquisas sobre Produtos Florestais Não-MadeireirosIROS: SITUAÇÃO ATUAL E TENDÊNCIAS FUTURAS,2023,COMPLETO,4
6131,Jose Elenilson Cruz,Campus Gama,"Estudo sobre Centralização de Atividades no Ministério da Agricultura, Pecuária e Abastecimento (MAPA)",2022,RESUMO_EXPANDIDO,10
6131,Jose Elenilson Cruz,Campus Gama,"Desenvolvimento e Memorial de Pregão Eletrônico por Sistema de Registro de Preço (SRP) no Ministério da Agricultura, Pecuária e Abastecimento (MAPA)",2022,RESUMO_EXPANDIDO,11
6131,Jose Elenilson Cruz,Campus Gama,"AÇÕES EMPREENDIDAS POR UM CONDOMÍNIO DE PRODUÇÃO LEITEIRA: Estudo sob as lentes teóricas de Estratégia, Redes e Vantagem Competitiva",2022,COMPLETO,4
6131,Jose Elenilson Cruz,Campus Gama,TENDÊNCIAS DE PESQUISA EM CADEIA DE SUPRIMENTOS: estudo bibliométrico utilizando a linguagem R,2022,COMPLETO,3
6131,Jose Elenilson Cruz,Campus Gama,EVOLUÇÃO DOS ESTUDOS EM LEAN SEIS SIGMA: Um Estudo Bibliométrico,2022,COMPLETO,3
6131,Jose Elenilson Cruz,Campus Gama,SUCESSÃO GERACIONAL E GÊNERO NO MEIO RURAL: ANÁLISE BIBLIOMÉTRICA E AGENDA DE PESQUISA,2022,COMPLETO,4
6131,Jose Elenilson Cruz,Campus Gama,ESTRATÉGIA COMPETITIVA NO AGRONEGÓCIO BRASILEIRO: UMA APLICAÇÃO DA REVISÃO SISTEMÁTICA DA LITERATURA,2022,COMPLETO,4
6131,Jose Elenilson Cruz,Campus Gama,Testagem de análises de pré-convênios como alternativa ao trabalho realizado por um ente público federal,2022,COMPLETO,5
6131,Jose Elenilson Cruz,Campus Gama,Efeito da Pandemia a Covid-19 no Desempenho das Empresas Transportadoras de Cargas Rodoviárias de Goiás e Distrito Federal,2022,COMPLETO,5
6131,Jose Elenilson Cruz,Campus Gama,Efeito da Pandemia da Covid-19 no Desempenho de Empresas Industriais,2022,COMPLETO,3
6131,Jose Elenilson Cruz,Campus Gama,Melhoria de Processos Operacionais por meio da Capacitação de Colaboradores sobre a Metodologia Lean Six Sigma: Estudo de caso em uma organização de gestão pública,2021,COMPLETO,5
6131,Jose Elenilson Cruz,Campus Gama,Consumer Behavior of regional cheese from family farmers: a theoretical model and a measurement scale,2021,RESUMO_EXPANDIDO,2
6131,Jose Elenilson Cruz,Campus Gama,Proposta de Escala de Mensuração de Fatores Influenciadores da Intenção Comportamental de Compra de Consumidores de Queijo Regional,2021,COMPLETO,2
6131,Jose Elenilson Cruz,Campus Gama,Empreendedorismo e desenvolvimento rural: a importância da competência empreendedora para a comercialização da produção na agricultora familiar,2021,COMPLETO,3
6131,Jose Elenilson Cruz,Campus Gama,Inserção profissional de egressos de cursos de ciências agrárias e as consequências na sucessão geracional no campo: proposições teóricas e escala de mensuração,2021,COMPLETO,3
6131,Jose Elenilson Cruz,Campus Gama,A Lógica na perspectiva da Álgebra Booleana,2021,RESUMO,2
6131,Jose Elenilson Cruz,Campus Gama,Planejamento Tributário e Regimes de Tributação: uma revisão sistemática de estudos empíricos,2021,RESUMO,4
6131,Jose Elenilson Cruz,Campus Gama,As Adversidades Enfrentadas pelas Oganizações no Brasil em implementar o sistema de custeio abc (activity based costing): síntese quantitativa das principais dificuldades encontradas na implementação do sistema,2021,RESUMO,4
6131,Jose Elenilson Cruz,Campus Gama,Ciência Aplicada ao Desenvolvimento Rural Sustentável do Brasil Central: Pesquisas Realizadas em Programas de Pós-Graduação do Distrito Federal,2020,COMPLETO,3
6131,Jose Elenilson Cruz,Campus Gama,Abordagem de Cluster e Redes em Complexos Agroindustriais como Estratégias de Coopetição: uma Revisão Sistemática de Literatura,2020,COMPLETO,5
6134,Raquel Purper,Campus Brasília,A integração de saberes e os sabores da integração,2023,RESUMO_EXPANDIDO,5
6134,Raquel Purper,Campus Brasília,Projeto de pesquisa na formação do artistadocente ou docenteartista: uma proposta intitulada 'aula obra',2024,COMPLETO,2
6136,Clara Melo Casotti Bastos,Campus São Sebastião,AS COMPETÊNCIAS SOCIOEMOCIONAIS E COMUNICAÇÃO NÃO VIOLENTA : REFLEXÕES NO ÂMBITO DO PIBID/PEDAGOGIA,2023,RESUMO,2
6136,Clara Melo Casotti Bastos,Campus São Sebastião,AS DIFICULDADES DE APRENDIZAGEM NO PROCESSO DE ALFABETIZAÇÃO: UMA DISCUSSÃO NO AMBITO DO PIBID / PEDAGOGIA,2023,COMPLETO,2
6139,Nilton Nélio Cometti,Campus Planaltina,SISTEMA MODULAR EDUCATIVO DE AQUAPONIA COM ESTRUTURA AUTOMATIZADA ACESSÍVEL E INCLUSIVA PARA PESSOAS COM DEFICIÊNCIAS,2022,RESUMO,7
6139,Nilton Nélio Cometti,Campus Planaltina,SISTEMA EDUCATIVO DE AQUAPONIA COM ESTRUTURA AUTOMATIZADA ACESSÍVEL E INCLUSIVA PARA PESSOAS COM DEFICIÊNCIAS.,2023,RESUMO,5
6139,Nilton Nélio Cometti,Campus Planaltina,Maximizando o potencial da hidroponia com temporizador e controlador de pH e Condutividade elétrica.,2023,RESUMO,3
6139,Nilton Nélio Cometti,Campus Planaltina,MELHORIAS CONTÍNUAS DE UM TEMPORIZADOR INTELIGENTE PARA HIDROPONIA,2022,RESUMO,3
6139,Nilton Nélio Cometti,Campus Planaltina,AVANÇOS E MELHORIAS CONTÍNUAS DE UM PROTÓTIPO DE TEMPORIZADOR INTELIGENTE PARA SISTEMAS HIDROPÔNICOS (SMARTTIMER),2022,RESUMO,4
6139,Nilton Nélio Cometti,Campus Planaltina,SISTEMA DE AQUAPONIA EM ESTRUTURA ALTERNATIVA DE BAMBU E AUTOMAÇÃO DE BAIXO CUSTO PARA A AGRICULTURA FAMILIAR,2020,RESUMO,2
6139,Nilton Nélio Cometti,Campus Planaltina,TESTE DE CAMPO E MELHORIAS CONTÍNUAS DE UM PROTÓTIPO DE TEMPORIZADOR INTELIGENTE PARA SISTEMAS HIDROPÔNICOS (SMARTTIMER),2022,RESUMO,4
6139,Nilton Nélio Cometti,Campus Planaltina,Sistema de aquaponia em estrutura alternativa de bambu e automoção de baixo custo para a agricultura familiar,2021,RESUMO,2
6141,Aristóteles De Almeida Silva,Campus Ceilândia,Da política econômica errada aos políticos errados: golpe de 2016,2021,COMPLETO,1
6141,Aristóteles De Almeida Silva,Campus Ceilândia,Da política econômica errada aos políticos errados: golpe de 2016,2021,RESUMO,1
6141,Aristóteles De Almeida Silva,Campus Ceilândia,As reformas do neoliberalismo autoritário vistas do lado de cá,2022,COMPLETO,1
6141,Aristóteles De Almeida Silva,Campus Ceilândia,As reformas do neoliberalismo autoritário vistas do lado de cá,2022,RESUMO,1
6141,Aristóteles De Almeida Silva,Campus Ceilândia,Poder Estrutural do Capital Financeiro na crise de 2015/16,2023,COMPLETO,1
6141,Aristóteles De Almeida Silva,Campus Ceilândia,O poder estrutural do capital financeiro na definição da agenda econômica no Brasil entre 2010-2016,2024,COMPLETO,1
6141,Aristóteles De Almeida Silva,Campus Ceilândia,O poder estrutural do capital financeiro na definição da agenda econômica no Brasil entre 2010-2016,2024,RESUMO,1
6141,Aristóteles De Almeida Silva,Campus Ceilândia,O poder instrumental e estrutural na definição da agenda da política econômica no Brasil entre 2010-2017,2024,COMPLETO,1
6141,Aristóteles De Almeida Silva,Campus Ceilândia,Austeridade e Neoliberalismo no Governo Temer,2024,RESUMO_EXPANDIDO,1
6141,Aristóteles De Almeida Silva,Campus Ceilândia,O poder instrumental e estrutural na definição da agenda da política econômica no Brasil entre 2010-2017,2024,RESUMO,1
6141,Aristóteles De Almeida Silva,Campus Ceilândia,Austeridade e Neoliberalismo no Governo Temer,2024,RESUMO,1
6141,Aristóteles De Almeida Silva,Campus Ceilândia,Poder Estrutural do Capital Financeiro na crise de 2015/16,2023,RESUMO,1
6143,Rodrigo Mendes Da Silva,Campus Estrutural,Relato de Experiência sobre Integração no EMI no Retorno a Presencialidade,2022,RESUMO_EXPANDIDO,4
6147,Bárbara De Barros Fonseca,Campus Recanto das Emas,A voluptuosidade do excesso: corpo e erotismo em Georges Bataille,2021,COMPLETO,1
6148,Juliana Rocha De Faria Silva,Campus Brasília,Elaborando rimas de improviso para o ensino de meio ambiente,2021,COMPLETO,3
6148,Juliana Rocha De Faria Silva,Campus Brasília,ENSINO DE BIOLOGIA A PARTIR DE RECURSOS DAS COMUNIDADES GEEKIES,2021,RESUMO,3
6148,Juliana Rocha De Faria Silva,Campus Brasília,HABILIDADES E COMPETÊNCIAS MUSICAIS NO APRENDIZADO DE CIÊNCIAS EXATAS E DA NATUREZA: UMA REVISÃO SISTEMÁTICA,2021,RESUMO,3
6148,Juliana Rocha De Faria Silva,Campus Brasília,AVALIAÇÃO DE MATERIAIS DE AUDIOVISUAL DE EXPERIMENTOS PARA O ENSINO E APRENDIZAGEM DE BIOLOGIA,2021,RESUMO,3
6148,Juliana Rocha De Faria Silva,Campus Brasília,ENSINO REMOTO EMERGENCIAL DE MÚSICA: SOLUÇÕES EM TEMPOS DE PANDEMIA,2021,RESUMO,3
6148,Juliana Rocha De Faria Silva,Campus Brasília,ALQUIMIAS E REVOLUÇÕES: UM SISTEMA DE RPG PARA A CONSTRUÇÃO DO CONHECIMENTO QUÍMICO,2022,RESUMO,3
6148,Juliana Rocha De Faria Silva,Campus Brasília,OFICINAS COM PRÁTICAS DE ARDUINO PARA UMA EDUCAÇÃO TECNOLÓGICA,2022,RESUMO,5
6148,Juliana Rocha De Faria Silva,Campus Brasília,MÚSICA E TRANSCRIÇÃO GENÉTICA EM UMA ABORDAGEM STEAM,2022,RESUMO,4
6148,Juliana Rocha De Faria Silva,Campus Brasília,O USO DA IMPRESSORA 3D COMO FERRAMENTA DE INCLUSÃO PARA A COMUNIDADE DE SURDOS,2022,RESUMO,5
6148,Juliana Rocha De Faria Silva,Campus Brasília,DANÇANDO O CONCEITO MUSICAL: COREOGRAFIA DA OBRA ?O CAVALEIRO E OS MOINHOS? A PARTIR DA MÉTRICA E DA FORMA MUSICAL,2024,COMPLETO,4
6148,Juliana Rocha De Faria Silva,Campus Brasília,FUNDAMENTOS DA MÚSICA: COREOGRAFIA CORPORAL DOS ELEMENTOS BÁSICOS DA MÚSICA ?FORRÓ PELA MANHÃ?,2024,COMPLETO,4
6149,Márcia Lúcia De Souza,Campus Gama,Um olhar para o futuro: a  relevância da formação docente para a construção do projeto  de vida na escola,2024,COMPLETO,2
6150,Thiago Batista Amorim,Campus Taguatinga,Interdisciplinaridade no ensino de física e computação na educação básica: relato de experiência de um curso de formação inicial e continuada sob a perspectiva na construção de experimentos,2021,COMPLETO,3
6150,Thiago Batista Amorim,Campus Taguatinga,Educação Digital como parte da Formação Integral do Sujeito - O Ensino de Computação na Perspectiva de Projetos de Letramentos Digitais em Curso Proeja em Artesanato: Um Resumo Estendido,2024,RESUMO_EXPANDIDO,2
6150,Thiago Batista Amorim,Campus Taguatinga,Um relato de experiência sobre a construção e aplicação de um curso em EaD de Robótica Educacional para professores,2025,COMPLETO,8
6150,Thiago Batista Amorim,Campus Taguatinga,Oficinas de Computação Desplugada e Plugada: um relato de experiência da sinergia entre formação de licenciandos em computação e escola pública no DF,2024,COMPLETO,3
6151,Raimundo Claudio Da Silva Vasconcelos,Campus Taguatinga,Quindim auxiliando na aprendizagem do pensamento computacional,2020,COMPLETO,2
6151,Raimundo Claudio Da Silva Vasconcelos,Campus Taguatinga,O USO DO SCRATCH NA EDUCAÇÃO: RELATO DE UMA EXPERIÊNCIA NO ENSINO MÉDIO,2022,COMPLETO,3
6151,Raimundo Claudio Da Silva Vasconcelos,Campus Taguatinga,DESAFIOS PARA APLICAÇÃO DE OFICINAS NO ENSINO REMOTO E PRESENCIAL EM CENÁRIO PANDÊMICO,2022,COMPLETO,4
6151,Raimundo Claudio Da Silva Vasconcelos,Campus Taguatinga,A Machine Learning Approach for DeepFake Detection,2022,COMPLETO,2
6151,Raimundo Claudio Da Silva Vasconcelos,Campus Taguatinga,Oficinas gamificadas no ensino médio: um relato de experiência do ensino de computação em escola rural,2023,COMPLETO,4
6151,Raimundo Claudio Da Silva Vasconcelos,Campus Taguatinga,Character Identification in Images Extracted from Portuguese Manuscript Historical Documents,2024,COMPLETO,2
6151,Raimundo Claudio Da Silva Vasconcelos,Campus Taguatinga,Identifying Representative Images for Events Description Using Machine Learning,2024,COMPLETO,2
6151,Raimundo Claudio Da Silva Vasconcelos,Campus Taguatinga,Abordagens de Ensino da Computação para o Ensino Médio,2020,COMPLETO,3
6153,Luciana Lima Ventura,Campus Brasília,LogEx: Um auxílio para a resolução de problemas matemáticos envolvendo o ensino de funções logarítmicas e exponenciais,2021,RESUMO,4
6153,Luciana Lima Ventura,Campus Brasília,MaGeo Quiz Gamificado: uma nova forma de aprender geometria plana,2021,RESUMO,4
6158,Claudio Ulisse,Campus Brasília,Análise de Classificadores para Predição de Evasão em um Curso Superior de Tecnologia da Informação de um Instituto Federal.,2025,COMPLETO,4
6159,Carlos Torquato De Lima Júnior,Campus Recanto das Emas,EDUCAÇÃO AMBIENTAL: APRENDENDO A ANALISAR PARÂMETROS FÍSICO-QUIMICOS DE AMOSTRAS DE ÁGUA,2020,RESUMO,1
6159,Carlos Torquato De Lima Júnior,Campus Recanto das Emas,INVESTIGAÇÃO DO (DES)CONFORTO TÉRMICO E ACÚSTICO EM AMBIENTE ESCOLAR,2021,RESUMO_EXPANDIDO,1
6159,Carlos Torquato De Lima Júnior,Campus Recanto das Emas,A FORMAÇÃO CONTINUADA DE PROFESSORES DE QUÍMICA: UM OLHAR PARA OS ANAIS DO ENPEC E  DO ENEQ,2023,COMPLETO,2
6160,Elaine Maria Coim,Campus Taguatinga,VARIABLE GEOMETRY DIFFUSER FOR TURBINES IN CAPTURE AND PRODUCTION OF SUSTAINABLE ENERGY: A SYSTEMATIC REVIEW,2021,COMPLETO,2
6160,Elaine Maria Coim,Campus Taguatinga,EXPERIMENTAL TEACHING BENCH FOR STUDYING VARIABLE GEOMETRY AIRFOIL PROFILE DRIVEN BY SHAPE MEMORY ALLOYS,2024,COMPLETO,1
6161,Edilene Américo Silva,Campus Riacho Fundo,DESPERTAR A IDENTIDADE RACIAL DA CRIANÇA A PARTIR DA LITERATURA,2020,RESUMO,1
6161,Edilene Américo Silva,Campus Riacho Fundo,"A AGRICULTURA FAMILIAR FRENTE AO DESENVOLVIMENTO SUSTENTÁVEL NA  COLÔNIA AGRÍCOLA KANEGAE, RIACHO FUNDO/DF.",2021,RESUMO,2
6161,Edilene Américo Silva,Campus Riacho Fundo,"TRAJETORIA SOCIO ESPACIAL DA COLÔNIA AGRÍCOLA KANEGAE, RIACHO FUNDO/DF: AS ANTIGAS FUNCIONALIDADES INTRARURAL (de 1957 a 1997)",2021,RESUMO,1
6161,Edilene Américo Silva,Campus Riacho Fundo,"O DESENVOLVIMENTO DA AGRICULTURA FAMILIAR NA COLÔNIA AGRÍCOLA KANEGAE, RIACHO FUNDO/DF: CARACTERIZAÇÃO DOS TERRITORIOS PRODUTIVOS  e dos atores sociais envolvidos",2022,COMPLETO,3
6161,Edilene Américo Silva,Campus Riacho Fundo,"TRAJETÓRIA SÓCIOESPACIAL DA COLÔNIA AGRÍCOLA KANEGAE, RIACHO FUNDO I/DF: CARACATERIZAÇÃO DOS PROCESSOS DE ESTRUTURAÇÃO E CONSOLIDAÇÃO TERRITORIAL (1956 A 1987)",2021,COMPLETO,2
6161,Edilene Américo Silva,Campus Riacho Fundo,"CAMINHADA GEOECOLÓGICO: UM OLHAR SOB AS FITOFISIONOMIAS DO CERRADO NA ÁREA DE RELEVANTE INTERESSE ECOLÓGICO DA GRANJA DO IPÊ, DISTRITO FEDERAL, BRASIL.",2024,COMPLETO,2
6161,Edilene Américo Silva,Campus Riacho Fundo,TRILHAS INTERPRETATIVAS COMO FERRAMENTA DE ESTUDO DA PAISAGEM.,2023,COMPLETO,2
6161,Edilene Américo Silva,Campus Riacho Fundo,DESPERTAR A IDENTIDADE RACIAL DA CRIANÇA A PARTIR DA LITERATURA,2020,RESUMO,2
6161,Edilene Américo Silva,Campus Riacho Fundo,"ANALISE DA PAISAGEM DA MATA DE GALERIA NO RIBEIRÃO SOBRADINHO, DISTRITO FEDERAL: TRILHA INTERPRETATIVA E ENSINO DE GEOGRAFIA",2024,COMPLETO,2
6161,Edilene Américo Silva,Campus Riacho Fundo,O PROFESSOR DE GEOGRAFIA E A EDUCAÇÃO INCLUSIVA: CUIDAR DA FORMAÇÃO PARA AVANÇAR NA INCLUSÃO.,2024,COMPLETO,2
6161,Edilene Américo Silva,Campus Riacho Fundo,"ANÁLISE DAS IDENTIDADES TERRITORIAIS DOS KALUNGA EM GOIÁS, BRASIL, FRENTE AO DESMATAMENTO DO CERRADO",2025,COMPLETO,2
6162,Cínthia Nepomuceno Xavier,Campus Brasília,O Afrofuturismo como Recurso para a Decolonialidade no Ensino das Danças Brasileiras,2024,COMPLETO,1
6163,Denise Gomes De Moura,Campus Brasília,Programa Nacional de Triagem Neonatal Ampliada: o que o gestor público deve saber,2022,RESUMO,2
6163,Denise Gomes De Moura,Campus Brasília,A gestão ambiental municipal e o uso de lixeiras em vias públicas. Relato técnico do projeto Santa Rita mais limpa. Em Santa Rita de Cássia - BA,2024,RESUMO_EXPANDIDO,2
6163,Denise Gomes De Moura,Campus Brasília,A atuação da Defensoria Pública da União na garantia dos direitos humanos dos refugiados - orientadora da estudante que ganhou o prêmio,2024,RESUMO_EXPANDIDO,2
6163,Denise Gomes De Moura,Campus Brasília,TRAMITA.GOV.BR.: um estudo de caso no arquivo da Presidência da República e no Instituto Federal de Brasília,2024,RESUMO_EXPANDIDO,3
6163,Denise Gomes De Moura,Campus Brasília,Plataforma digital para monitorar projetos e programas das escolas públicas de ensino médio do plano piloto de Brasília,2024,RESUMO,3
6164,Alessandro Pinheiro,Campus Ceilândia,Dispositivo não invasivo para estímulo hipertensivo nos barorreceptores carotídeos,2020,RESUMO,3
6164,Alessandro Pinheiro,Campus Ceilândia,SISTEMA DE CONTROLE AUTOMATIZADO DE PRESSÃO PARA LOW BODY NEGATIVE PRESSURE,2024,RESUMO,2
6166,Paulo José De Souza Júnior,Campus Planaltina,Janela de Desfragmentação de Espectro em Redes SDM-EON,2023,COMPLETO,4
6169,Milenna Milhomem Sena,Campus Samambaia,ESTUDO DA QUALIDADE DAS ÁGUAS URBANAS NO CÓRREGO CORTADO - DISTRITO FEDERAL,2025,RESUMO,4
6169,Milenna Milhomem Sena,Campus Samambaia,VARIAÇÃO ESPAÇO-TEMPORAL DA QUALIDADE DAS ÁGUAS URBANAS NO CÓRREGO TAGUATINGA - DISTRITO FEDERAL,2025,RESUMO,5
6170,Dhiego Loiola De Araújo,Campus Taguatinga,Utilização de um Perceptron Múltiplas Camadas na Aproximação de Funções Contínuas,2021,RESUMO,1
6170,Dhiego Loiola De Araújo,Campus Taguatinga,Implementação de uma Rede Neural Artificial do Tipo Perceptron para Aproximar Superfícies Mínimas com Fronteira Fixa,2022,RESUMO,1
6172,Jocênio Marquios Epaminondas,Campus Ceilândia,Curso de Inclusão Digital para Idosos Em Tempos de COVID-19,2020,RESUMO,2
6172,Jocênio Marquios Epaminondas,Campus Ceilândia,Análise do ensino de informática a distância para idosos por meio da ferramenta VOSVIEWER,2021,RESUMO,4
6172,Jocênio Marquios Epaminondas,Campus Ceilândia,Desenvolvimento de Disciplina para o ensino de informática para idosos na modalidade remota e a distância por meio da plataforma Moodle,2021,RESUMO,3
6172,Jocênio Marquios Epaminondas,Campus Ceilândia,Disciplina Virtual na Plataforma Moodle para Letramento Digital de Pessoas Idosas,2022,RESUMO_EXPANDIDO,3
6172,Jocênio Marquios Epaminondas,Campus Ceilândia,Espaço Interativo do Idoso: Ambiente de aprendizagem Inovador,2022,RESUMO_EXPANDIDO,5
6172,Jocênio Marquios Epaminondas,Campus Ceilândia,Desenvolvimento de um Curso online Aberto e Massivo (MOOC) para Uso Básico de Celular por Pessoas Idosas.,2024,RESUMO_EXPANDIDO,4
6172,Jocênio Marquios Epaminondas,Campus Ceilândia,Talentos Plateados60+: aplicativo inovador para inclusão de pessoas idosas no mercado de trabalho.,2024,RESUMO,5
6172,Jocênio Marquios Epaminondas,Campus Ceilândia,Frequência de Uso de Smartphone pelas Pessoas Idosas em  tempos de Pandemia da COVID-19,2023,RESUMO,2
6177,Luiz Fernando Câmara Viana,Campus Gama,O Savoir-faire das Cafeterias na Extração de Cafés Especiais,2020,COMPLETO,2
6177,Luiz Fernando Câmara Viana,Campus Gama,Utilização de planilhas no processamento de pedidos: relato técnico em uma indústria alimentícia,2020,COMPLETO,2
6177,Luiz Fernando Câmara Viana,Campus Gama,Entropia da Informação e Ranking das empresas do Ibovespa: o papel de diferenciação da Inovação no Ambiente,2021,COMPLETO,4
6177,Luiz Fernando Câmara Viana,Campus Gama,Ações afirmativas no contexto educacional: Perspectivas da produção nacional,2021,COMPLETO,2
6177,Luiz Fernando Câmara Viana,Campus Gama,Regional resilience and spatial distancing in the time of COVID-19,2021,COMPLETO,4
6177,Luiz Fernando Câmara Viana,Campus Gama,Resiliência econômica regional e inovação: Uma revisão sistemática,2021,COMPLETO,1
6177,Luiz Fernando Câmara Viana,Campus Gama,Regional resilience and spatial distancing in the time of COVID-19,2021,COMPLETO,4
6177,Luiz Fernando Câmara Viana,Campus Gama,Ações afirmativas no contexto educacional: Perspectivas da produção nacional,2021,COMPLETO,2
6177,Luiz Fernando Câmara Viana,Campus Gama,"After more than 10 years of research, what is the profile of papers on regional resilience and innovation?",2021,COMPLETO,2
6177,Luiz Fernando Câmara Viana,Campus Gama,Inovação prediz resiliência regional? Um caso de regiões brasileiras,2022,COMPLETO,2
6177,Luiz Fernando Câmara Viana,Campus Gama,Innovation reactions as an engine for regional resilience: The case of a traditional industry cluster in Brazil,2023,COMPLETO,4
6177,Luiz Fernando Câmara Viana,Campus Gama,"O que fazer quando o calçado aperta durante a jornada? Espaços de oportunidade, inovação e resiliência regional",2023,RESUMO,3
6178,Pedro Ivo Silva,Campus Samambaia,A ética do amor na poesia de autoria negra gênero-sexual dissidente,2023,RESUMO,2
6178,Pedro Ivo Silva,Campus Samambaia,"Literatura de autoria negra na dissidência sexual e de gênero: o direito ao (auto)amor, ao vislumbre e ao devaneio para além das narrativas de luta e dor",2023,RESUMO,1
6178,Pedro Ivo Silva,Campus Samambaia,Questões de autoria na poesia negra cuír,2023,RESUMO,1
6180,Maxem Luiz De Araújo,Campus Brasília,O ENSINO DE GEOGRAFIA MEDIADO PELAS GEOTECNOLOGIAS E O PAPEL DO PROFESSOR,2023,RESUMO_EXPANDIDO,1
6182,Mariana Carolina Barbosa Rêgo,Campus Brasília,Análise do Relatório de Qualidade de Vida no Trabalho: possibilidades para o IFB - Campus Brasília,2024,RESUMO_EXPANDIDO,4
6182,Mariana Carolina Barbosa Rêgo,Campus Brasília,Qualidade de Vida no Trabalho Durante a Pandemia da Covid-19: Um Estudo com Servidores de Um Setor de Um Órgão Público,2022,COMPLETO,2
6182,Mariana Carolina Barbosa Rêgo,Campus Brasília,Comprometimento e Bem-Estar no Serviço Público em Uma Secretaria do GDF,2022,COMPLETO,4
6182,Mariana Carolina Barbosa Rêgo,Campus Brasília,"Suporte Organizacional, Comprometimento afetivo, Auto-avaliação de Desempenho e Maturidade da Prática de Governança ?Gestão de Riscos?: estudo em uma autarquia federal brasileira",2022,COMPLETO,3
6182,Mariana Carolina Barbosa Rêgo,Campus Brasília,"Cultura organizacional, competências e desempenho organizacional: um estudo com empresas juniores do DF",2022,RESUMO,6
6182,Mariana Carolina Barbosa Rêgo,Campus Brasília,"Desempenho no trabalho, comprometimento, entrincheiramento, justiça e suporte organizacional: um estudo multinível",2022,RESUMO,2
6182,Mariana Carolina Barbosa Rêgo,Campus Brasília,Evidências de Validade de uma Escala de Maturidade de Práticas Organizacionais,2022,COMPLETO,5
6182,Mariana Carolina Barbosa Rêgo,Campus Brasília,Laboratório de Gestão: orgulho de ser IF,2020,COMPLETO,4
6182,Mariana Carolina Barbosa Rêgo,Campus Brasília,Clima Organizacional: um estudo no Registro Acadêmico de um Instituto Federal,2021,COMPLETO,2
6182,Mariana Carolina Barbosa Rêgo,Campus Brasília,Desempenho no Trabalho: Revisão Sistemática da Literatura e Tendências das  Pesquisas na Área de Administração,2021,COMPLETO,4
6182,Mariana Carolina Barbosa Rêgo,Campus Brasília,Comprometimento Organizacional: um estudo com trabalhadores do setor público e privado,2021,RESUMO,2
6182,Mariana Carolina Barbosa Rêgo,Campus Brasília,Comprometimento e Estresse no Trabalho: um estudo com servidores de uma secretaria do Distrito Federal,2021,RESUMO,2
6182,Mariana Carolina Barbosa Rêgo,Campus Brasília,Processo de Recrutamento e Seleção de Pessoas: um estudo de caso em um curso de idiomas,2021,RESUMO,2
6182,Mariana Carolina Barbosa Rêgo,Campus Brasília,Clima Organizacional: análise de um departamento responsável pela gestão da saúde suplementar de um órgão do Poder Legislativo,2021,RESUMO,2
6182,Mariana Carolina Barbosa Rêgo,Campus Brasília,Qualidade de Vida no Setor Público: um estudo de caso na Promotoria de Justiça do Paranoá,2021,RESUMO,3
6182,Mariana Carolina Barbosa Rêgo,Campus Brasília,Satisfação e Estresse no Trabalho: um estudo com docentes do Ensino Básico,2021,RESUMO,2
6182,Mariana Carolina Barbosa Rêgo,Campus Brasília,Satisfação no Trabalho: um estudo em uma coordenação de licitação de um órgão público,2021,RESUMO,2
6182,Mariana Carolina Barbosa Rêgo,Campus Brasília,Satisfação no Trabalho: um estudo em uma gerência de logística de uma empresa pública do Distrito Federal,2021,RESUMO,2
6182,Mariana Carolina Barbosa Rêgo,Campus Brasília,Satisfação no Trabalho: um estudo com a equipe do Programa Criança Feliz em Municípios do Ceará,2021,RESUMO,2
6182,Mariana Carolina Barbosa Rêgo,Campus Brasília,Clima Organizacional: o caso de uma Secretaria do Ministério de Desenvolvimento Regional,2021,RESUMO,2
6183,Fernanda Keley Silva Pereira Navarro,Campus Taguatinga,intitulado CERRADO BRASILEIRO E SUA BIODIVERSIDADE: DESTAQUE PARA SEUS POTENCIAIS NUTRICIONAIS E TERAPÊUTICOS,2020,RESUMO,5
6184,Juliana De Andrade Rocha Gonçalves,Campus Riacho Fundo,Chama o Uber! Verificação de evidências da precarização no trabalho em motoristas de aplicativo,2021,RESUMO,2
6185,Adriana Barbosa De Souza,Campus Estrutural,Bibliometria de Matemática Inclusiva para Deficientes Visuais,2020,RESUMO,3
6186,Júnio César Batista De Souza,Campus Brasília,The Impact of Interaction on the Context of Virtual Games Technology for Foreign Language Teaching and Learning,2020,RESUMO,1
6186,Júnio César Batista De Souza,Campus Brasília,"IDENTIDADES PERFORMÁTICAS DE GESTORES PÚBLICOS: Afetividade, Corpo e Fala como Digitais do Discurso ??Gestor??.",2022,RESUMO_EXPANDIDO,2
6187,Martha Mendes Caiafa,Campus Gama,Análise de Perdas e Avarias em Centro de Distribuição: Uma Investigação das Falhas  nos Processos de Armazenagem,2024,COMPLETO,3
6188,Marta Eliza De Oliveira,Campus Gama,Desafios para o Setor Portuário no Brasil,2021,RESUMO,1
6188,Marta Eliza De Oliveira,Campus Gama,"Varejo omnichannel: características, processos e vantagens da integração de canais de distribuição",2021,RESUMO,1
6188,Marta Eliza De Oliveira,Campus Gama,Aplicação da estratégia Lean Construction em microempresas da construção civil,2021,RESUMO_EXPANDIDO,2
6188,Marta Eliza De Oliveira,Campus Gama,Ambiente digital e tendências do setor varejista,2022,RESUMO,1
6188,Marta Eliza De Oliveira,Campus Gama,Logística reversa e inclusão digital: oportunidades geradas a partir de resíduos de equipamentos eletroeletrônicos,2022,RESUMO,2
6188,Marta Eliza De Oliveira,Campus Gama,Os desafios logísticos da empresa O Boticário,2023,RESUMO,2
6188,Marta Eliza De Oliveira,Campus Gama,Logística reversa na rede hospitalar: gestão e destinação segura de resíduos,2024,RESUMO,4
6188,Marta Eliza De Oliveira,Campus Gama,A internacionalização como estratégia para a obtenção de vantagem competitiva,2025,RESUMO_EXPANDIDO,1
6189,Diego Marques Pereira Dos Anjos,Campus Gama,ABORDAGEM INSTITUCIONALISTA: BREVE CRÍTICA DA ?TEORIA DA MOBILIZAÇÃO DE RECURSOS?,2020,COMPLETO,2
6190,Nizamara Simenremis Pereira,Campus Gama,ANALYSIS OF THERMAL AND MORPHOLOGICAL PROPERTIES OF PVA/CHITOSAN BLENDS INCORPORATED WITH PITAYA  EXTRACT,2023,COMPLETO,4
6190,Nizamara Simenremis Pereira,Campus Gama,"UV-VIS, photoluminescence and antioxidant properties of of pva/chitosan blends modified with pitaya  extract.",2023,COMPLETO,3
6190,Nizamara Simenremis Pereira,Campus Gama,"Thermal, optical and morphological properties of PVA/chitosan blend incorporated  with parsley extract",2023,RESUMO,4
6190,Nizamara Simenremis Pereira,Campus Gama,Identification of Eugenol as an analytical marker for HPLC - DAD of Cinnamomum zeylanicum and Cinnamomum cassia in methanolic extracts.,2025,RESUMO,3
6190,Nizamara Simenremis Pereira,Campus Gama,Instrumental Analysis of Paracetamol in Teaching Analytical Chemistry: Application of Fluorescence Techniques in Direct and Suppression Methods,2025,RESUMO,3
6190,Nizamara Simenremis Pereira,Campus Gama,Análise qualitativa e quantitativa de paracetamol em medicamento utilizando hplc: uma proposta de aula experimental de química,2022,COMPLETO,2
6191,Cláudia Luíza Marques,Campus Gama,LETRAMENTO INFORMACIONAL E ESTILOS DE APRENDIZAGEM: Intersecções e Implicações Educacionais,2024,COMPLETO,1
6196,Maria Tarciana Vieira Fortaleza,Campus Ceilândia,Contribuição ao estudo das ascídias do Golfo do México coletadas durante os cruzeiros ?Hourglass? (1965-1967),2020,RESUMO,2
6196,Maria Tarciana Vieira Fortaleza,Campus Ceilândia,Stolidobranchia (Tunicata: Ascidiacea) do Golfo do México,2020,RESUMO,2
6196,Maria Tarciana Vieira Fortaleza,Campus Ceilândia,Desenvolvimento de aplicativo móvel na área de taxonomia das ascídias (Chordata: Tunicata) do Golfo do México,2023,RESUMO,4
6196,Maria Tarciana Vieira Fortaleza,Campus Ceilândia,Construção de um glossário ilustrado para ascídias (Chordata: Tunicata),2023,RESUMO,2
6197,Augusta Rodrigues De Oliveira Zana,Campus São Sebastião,Psicanálise e a opressão vivenciada pelas mulheres,2021,COMPLETO,1
6197,Augusta Rodrigues De Oliveira Zana,Campus São Sebastião,Interrogações à psicanálise a partir de perspectivas feministas,2021,RESUMO,1
6197,Augusta Rodrigues De Oliveira Zana,Campus São Sebastião,Como construir currículos inclusivos na formação inicial de professores?,2024,COMPLETO,1
6197,Augusta Rodrigues De Oliveira Zana,Campus São Sebastião,A Psicologia da Educac&#807;a&#771;o se reduz a desenvolvimento e aprendizem? Um estudo de ementas das Licenciaturas do Instituto Federal de Brasília,2023,RESUMO_EXPANDIDO,1
6198,Juliana Lopes Da Silva,Campus Recanto das Emas,Extensão e Formação em Organização da Cultura nas Instituiç&#333;es Públicas de Ensino Superior,2024,COMPLETO,2
6199,Luciene Pinheiro Lopes,Campus Gama,O Teorema Central do Limite na Construção da Estatística Inferencial,2023,RESUMO,1
6199,Luciene Pinheiro Lopes,Campus Gama,Análise do desenvolvimento de testes de ajuste de bondade na distância Mallows-Wasserstein,2021,RESUMO,1
6199,Luciene Pinheiro Lopes,Campus Gama,As ferramentas do Cálculo diferencial e integral na caracterização das distribuições de probabilidade,2025,RESUMO,2
6199,Luciene Pinheiro Lopes,Campus Gama,Como tratar a não normalidade assintótica de dados estatísticos através de testes de correlação na distância Mallows-Wasserstein e o estudo da cauda pesada,2020,RESUMO,2
6200,Eduardo Camargo De Siqueira,Campus São Sebastião,Um Algoritmo Iterated Greedy Search para o Problema de Localização de Mamógrafos com Atendimento Parcial,2021,COMPLETO,6
6200,Eduardo Camargo De Siqueira,Campus São Sebastião,Um algoritmo Variable Neighborhood Search para o Problema de Localização de Mamógrafos com atendimento parcial,2022,COMPLETO,6
6200,Eduardo Camargo De Siqueira,Campus São Sebastião,Algoritmos NSGA-II E SPEA2 para o Problema Multiobjetivo de Localização de Mamógrafos,2022,COMPLETO,6
6200,Eduardo Camargo De Siqueira,Campus São Sebastião,ALEI-1G: How Artificial Intelligence is supporting legal process analysis in the first instance of the Brazilian Federal Justice,2024,COMPLETO,8
6200,Eduardo Camargo De Siqueira,Campus São Sebastião,A Solution Procedure for Fixed Mammography Unit Location-Allocation and Mobile Mammography Unit Routing Problems,2025,COMPLETO,7
6200,Eduardo Camargo De Siqueira,Campus São Sebastião,OSIRIS: A Domain-Guided Framework for Tax Foreclosure Automation Using Large Language Models,2025,COMPLETO,5
6203,José Messias Eiterer Souza,Campus Riacho Fundo,UM DESAFIO AO TRABALHO EDUCATIVO POR DEMAIS URGENTE,2020,RESUMO_EXPANDIDO,1
6206,Nadyelle Curcino Do Carmo,Campus Samambaia,Simulação de um sistema de aquecimento solar de água embarcado em estrutura de concreto no Distrito Federal.,2020,RESUMO,6
6206,Nadyelle Curcino Do Carmo,Campus Samambaia,Expansão urbana e degradação da área de preservação permanente do Ribeirão Anicuns - Goiânia-GO,2021,RESUMO,2
6206,Nadyelle Curcino Do Carmo,Campus Samambaia,Territórios Digitais Urbanos: a Região Metropolitana de Goiânia (RMG),2023,RESUMO_EXPANDIDO,3
6206,Nadyelle Curcino Do Carmo,Campus Samambaia,Hábitos Sanitários em Domicílios no DF.,2020,RESUMO,6
6209,Kever Bruno Paradelo Gomes,Campus Gama,"Distrito Criativo de Grão Mogol/Minas Gerais: Possibilidades para Existência, Limites para Sobrevivência",2023,COMPLETO,2
6210,Letícia Bianca Barros De Moraes Lima,Campus Brasília,Atratividade turística das Praias de Aracaju no Estado de Sergipe,2022,COMPLETO,2
6210,Letícia Bianca Barros De Moraes Lima,Campus Brasília,"Acessibilidade turística para pessoas com deficiência física na Orla de Atalaia, Aracaju/SE",2022,COMPLETO,5
6210,Letícia Bianca Barros De Moraes Lima,Campus Brasília,Mestrado Profissional em Turismo no Centro-Oeste: Proposta de ensino híbrido e integrado,2022,COMPLETO,8
6213,Núbia Flávia Oliveira Mendes,Campus Brasília,APLICATIVO BILÍNGUE PORTUGUÊS - LIBRAS (LÍNGUA BRASILEIRA DE SINAIS) PARA ACESSIBILIDADE DE MULHERES SURDAS A INFORMAÇÕES DIDATIZADAS SOBRE MEDICAMENTOS CONTRACEPTIVOS E HORMONAIS,2020,RESUMO,3
6213,Núbia Flávia Oliveira Mendes,Campus Brasília,Propostas para o Atendimento às Pessoas Surdas em Serviços de Governo Eletrônico,2021,COMPLETO,3
6213,Núbia Flávia Oliveira Mendes,Campus Brasília,Tecnologia assistiva como fator de acessibilidade no processo de ensino aprendizagem de surdos,2020,COMPLETO,3
6213,Núbia Flávia Oliveira Mendes,Campus Brasília,O Tradutor diante de suas incertezas no processo de elaboração de uma tradução do espanhol para Libras,2021,RESUMO,3
6213,Núbia Flávia Oliveira Mendes,Campus Brasília,BOAS PRÁTICAS DE ACESSIBILIDADE NA ÁREA DE PRODUTOS FARMACÊUTICOS,2022,COMPLETO,4
6213,Núbia Flávia Oliveira Mendes,Campus Brasília,Exercício profissional do farmacêutico que é surdo: levantamento do arcabouço legal vigente,2022,RESUMO,3
6213,Núbia Flávia Oliveira Mendes,Campus Brasília,CODA: desafios comunicativos na mediação da saúde de mulheres surdas brasileiras,2023,RESUMO,3
6213,Núbia Flávia Oliveira Mendes,Campus Brasília,DESENVOLVIMENTO DO VOCABULÁRIO TERMINOGRÁFICO FARMACÊUTICO EM LIBRAS DO PROGRAMA ?FARMALIBRAS?,2022,COMPLETO,5
6215,Sandra Maria Branchine,Campus Brasília,PROJETO DE EDUCAÇÃO MIDIÁTICA IFB,2022,RESUMO,4
6215,Sandra Maria Branchine,Campus Brasília,O LADO BEER DE BRASÍLIA,2024,RESUMO_EXPANDIDO,2
6215,Sandra Maria Branchine,Campus Brasília,Desenvolvimento de ferramenta de chatbot como solução para a comunicação do IFB,2021,COMPLETO,5
6216,Alice Watson Queiroz,Campus Brasília,SEMANA LIXO ZERO IFB: A EVOLUÇÃO DE UM PROJETO CONTÍNUO,2022,RESUMO_EXPANDIDO,4
6216,Alice Watson Queiroz,Campus Brasília,Sistema de gerenciamento educacional para escolas inovadoras,2022,RESUMO_EXPANDIDO,2
6216,Alice Watson Queiroz,Campus Brasília,?SISTEMA DE GERENCIAMENTO DE PERCURSOS DE APRENDIZAGEM - INOVA-IF?,2023,RESUMO_EXPANDIDO,4
6216,Alice Watson Queiroz,Campus Brasília,APLICATIVO PARA INOVAÇÕES CURRICULARES EDUCACIONAIS,2022,RESUMO_EXPANDIDO,3
6217,Fabiano Cavalcanti Fernandes,Campus Taguatinga,REPRODUÇÃO E ANÁLISE DO MODELO DE INTELIGÊNCIA ARTIFICIAL PARA DETECÇÃO DE CÂNCER EM MAMOGRAFIAS DE RASTREAMENTO: MODELO VENCEDOR DA COMPETIÇÃO RSNA® 2023,2024,RESUMO,5
6217,Fabiano Cavalcanti Fernandes,Campus Taguatinga,UTILIZAÇÃO DO YOLOv8 PARA RECORTE DE MAMA A PARTIR DO MODELO DO PRIMEIRO COLOCADO NA COMPETIÇÃO DA RSNA® 2023,2024,RESUMO,5
6218,Paulo Henrique Sales Wanderley,Campus Ceilândia,Robô guia eletrônico para auxílio de pessoas cegas,2020,RESUMO,2
6218,Paulo Henrique Sales Wanderley,Campus Ceilândia,Espaço Interativo do Idoso: Ambiente de aprendizagem Inovador,2022,RESUMO_EXPANDIDO,5
6221,André Bonadias Gadelha,Campus Estrutural,O uso do Catálogo de PEEFEM como material referencial,2020,RESUMO,4
6223,Greice Kelly Menezes Martins,Campus Estrutural,"Avaliação Da Qualidade Da Água Fornecida Em Um Território Vulnerável: O Caso Do Chácara Santa Luzia, Estrutural, DfF",2023,COMPLETO,5
6223,Greice Kelly Menezes Martins,Campus Estrutural,Gestão De Resíduos Sólidos No Distrito Federal: Uma Avaliação A Partir Da Renda Per Capita,2023,COMPLETO,3
6223,Greice Kelly Menezes Martins,Campus Estrutural,Avaliação Da Concentração De Partículas Totais Em Suspensão (Pts) Potencialmente Perigosas Em Centros De Triagem De Materiais Recicláveis: Estudo De Caso CTR Da Estrutural E P-Sul Do Distrito,2023,COMPLETO,4
6223,Greice Kelly Menezes Martins,Campus Estrutural,Social Technology as a Tool for Health Education Among Waste Pickers in Estrutural City,2023,RESUMO,3
6223,Greice Kelly Menezes Martins,Campus Estrutural,Ferramenta Didática Para Estímulo À Agroecologia: Utilização De Um Biomarcador Para Demonstrar Efeitos Deletérios De Pesticidas,2024,RESUMO,3
6223,Greice Kelly Menezes Martins,Campus Estrutural,FATORES ASSOCIADOS A ACIDENTES DE TRABALHO EM CATADORES DE MATERIAIS RECICLÁVEIS: ESTUDO DE CASO NO MAIOR LIXÃO DA AMÉRICA LATINA,2025,COMPLETO,5
6224,Rodrigo Alves De Souza,Campus Planaltina,Recontar as histórias: dos saberes populares à divulgação científica,2024,RESUMO,2
6224,Rodrigo Alves De Souza,Campus Planaltina,Uma sequência didática envolvendo a produção artístico-visual para potencializar o aprendizado ambiental e químico,2024,RESUMO,1
6224,Rodrigo Alves De Souza,Campus Planaltina,Flash Cards of the Periodic Table,2023,RESUMO,1
6224,Rodrigo Alves De Souza,Campus Planaltina,Jogo análogo ao 'cara a cara' na revisão de conteúdos de Química Orgânica,2020,RESUMO,2
6226,Jullyana Souza Santos,Campus Ceilândia,"Social Media, Cyberbullying, and Emotional Well-Being of Adolescents in Brazil",2025,RESUMO_EXPANDIDO,4
6226,Jullyana Souza Santos,Campus Ceilândia,A IMPORTÂNCIA DA ANÁLISE ERGONÔMICA NO AMBIENTE EDUCACIONAL: PERCEPÇÕES DOS COLABORADORES TERCEIRIZADOS DO SETOR DE LIMPEZA DO INSTITUTO FEDERAL DE ALAGOAS,2023,RESUMO,4
6227,Luiz Daniel Muniz Junqueira,Campus Brasília,Análise bibliométrica dos estudos sobre Eventos publicados nos periódicos brasileiros: Um recorte de 2000 a 2021,2023,RESUMO_EXPANDIDO,1
6228,Ana Cláudia Bernardes Vilarinho De Oliveira,Campus Brasília,"Gestão Estratégica: a compreensão de servidores de um Instituto Federal de Educação, Ciência e Tecnologia",2021,COMPLETO,2
6228,Ana Cláudia Bernardes Vilarinho De Oliveira,Campus Brasília,Mestrado Profissional em Turismo no Centro-Oeste: Proposta de ensino híbrido e integrado,2022,RESUMO,2
6229,Luciana Brandão Dourado,Campus São Sebastião,Como lutar pela permanência da língua espanhola na educação brasileira: importância dos estudos sobre políticas linguísticas,2024,COMPLETO,1
6237,João Vicente Roberto Duarte,Campus Brasília,Como você descarta seus resíduos: pesquisa realizada no âmbito do Instituto Federal de Brasília pela comissão IF Ambiental.,2020,RESUMO_EXPANDIDO,17
6238,Eneida Campos Felipe De Brites,Campus Estrutural,AVALIAÇÃO DA CONCENTRAÇÃO DE PARTÍCULAS TOTAIS EM SUSPENSÃO (PTS) POTENCIALMENTE PERIGOSAS EM CENTROS DE TRIAGEM DE MATERIAIS RECICLÁVEIS: ESTUDO DE CASO CTR DA ESTRUTURAL E P-SUL DO DISTRITO FEDERAL,2023,COMPLETO,4
6238,Eneida Campos Felipe De Brites,Campus Estrutural,GESTÃO DE RESÍDUOS SÓLIDOS NO DISTRITO FEDERAL: UMA AVALIAÇÃO A PARTIR DA RENDA PER CAPITA,2023,COMPLETO,3
6238,Eneida Campos Felipe De Brites,Campus Estrutural,CATEGORIAS DE IMPACTOS AMBIENTAIS E METODOLOGIAS DE ANÁLISE ASSOCIADOS ÀS PERDAS E DESPERDÍCIO DE ALIMENTOS: UMA REVISÃO SISTEMÁTICA DA LITERATURA,2023,COMPLETO,4
6238,Eneida Campos Felipe De Brites,Campus Estrutural,Análise de Alternativas Tecnológicas para Redução de Impactos Ambientais dos Resíduos Orgânicos do Restaurante Universitário da UnB.,2023,COMPLETO,5
6238,Eneida Campos Felipe De Brites,Campus Estrutural,Analysis of Nitrogen Flow in Food Waste: a Case Study of the University Restaurant - UnB,2024,COMPLETO,5
6238,Eneida Campos Felipe De Brites,Campus Estrutural,Gestão de resíduos sólidos: avaliando a integração da análise de fluxo de massa com avaliação do ciclo de vida sob uma perspectiva meta-analítica,2024,COMPLETO,2
6238,Eneida Campos Felipe De Brites,Campus Estrutural,GESTÃO DE RESÍDUOS ALIMENTARES: UMA ANÁLISE DO FLUXO DE NITROGÊNIO NO DISTRITO FEDERAL,2025,COMPLETO,2
6238,Eneida Campos Felipe De Brites,Campus Estrutural,SISTEMA ALIMENTAR E RESÍDUOS SÓLIDOS: UMA ABORDAGEM DE AVALIAÇÃO DO CICLO DE VIDA PARA RECUPERAÇÃO DE NUTRIENTES,2025,COMPLETO,3
6239,Juliana Harumi Chinatti Yamanaka,Campus Recanto das Emas,As experiências em português do brasil como segunda língua de uma intercambista francófona,2020,COMPLETO,1
6239,Juliana Harumi Chinatti Yamanaka,Campus Recanto das Emas,"Reflexões ontológicas, epistemológicas e metodológicas de um estudo discursivo sobre práticas interacionais em PLAc",2021,RESUMO,1
6239,Juliana Harumi Chinatti Yamanaka,Campus Recanto das Emas,Análise de livros didáticos de espanhol como língua estrangeira,2020,COMPLETO,2
6239,Juliana Harumi Chinatti Yamanaka,Campus Recanto das Emas,Análise do uso das tecnologias de informação e comunicação na aprendizagem de Língua Espanhola,2020,COMPLETO,2
6245,Luciane Cristina Eneas Lira,Campus São Sebastião,NAS REDES DA LITERATURA: as experiências do projeto de letramento literário na escola,2021,COMPLETO,4
6247,Christine Rebouças Lourenço,Campus Brasília,Ensino de Ciências como proposta integrada em um curso técnico,2022,COMPLETO,3
6247,Christine Rebouças Lourenço,Campus Brasília,PROJETO DE EXTENSÃO MENINAS NA CIÊNCIA:  relato de experiência,2022,RESUMO_EXPANDIDO,10
6247,Christine Rebouças Lourenço,Campus Brasília,Conhecendo mulheres cientistas a partir de jogos,2023,RESUMO_EXPANDIDO,8
6247,Christine Rebouças Lourenço,Campus Brasília,Nova Estrutura de Integração do curso EMI Informática para o retorno presencial.,2023,RESUMO,4
6247,Christine Rebouças Lourenço,Campus Brasília,Meninas na Ciência IFB: relato das ações do grupo de extensão na SBPC,2022,RESUMO,7
6247,Christine Rebouças Lourenço,Campus Brasília,Maternidade e Ciência no IFB Campus Brasília,2024,RESUMO_EXPANDIDO,2
6247,Christine Rebouças Lourenço,Campus Brasília,Projeto Integrador no EMI Informática: da concepção às práticas integradoras,2023,RESUMO,4
6249,Mayara Lustosa De Oliveira Barbosa,Campus Planaltina,OFICINAS NA FORMAÇÃO DE PROFESSORES: PROPOSTAS PARA A CRIAÇÃO E ADAPTAÇÃO DE MATERIAIS DIDÁTICOS ACESSÍVEIS,2020,COMPLETO,5
6249,Mayara Lustosa De Oliveira Barbosa,Campus Planaltina,ELABORANDO RIMAS DE IMPROVISO PARA O ENSINO DE MEIO AMBIENTE,2021,COMPLETO,3
6249,Mayara Lustosa De Oliveira Barbosa,Campus Planaltina,The Entrepreneur?s Well-Being: an analysis of the thematic evolution from 1970 to 2021,2024,COMPLETO,5
6249,Mayara Lustosa De Oliveira Barbosa,Campus Planaltina,OS DESAFIOS DE CONCILIAR O ENSINO DE CIÊNCIAS NATURAIS E MATEMÁTICA: UMA PROPOSTA INTERDISCIPLINAR PARA OS PROFESSORES DOS ANOS INICIAIS,2020,COMPLETO,4
6250,Daniela Veiga De Oliveira,Campus Estrutural,EXPLORANDO A DIVERSIDADE DE TIPOS DE AVALIAÇÃO,2024,COMPLETO,1
6253,Débora Kono Taketa Moreira,Campus Gama,ANÁLISE DA CINÉTICA DE SECAGEM DE QUIABO,2021,RESUMO,6
6253,Débora Kono Taketa Moreira,Campus Gama,AVALIAÇÃO DA CINÉTICA DE SECAGEM DE QUIABO BRANQUEADO,2021,RESUMO,6
6253,Débora Kono Taketa Moreira,Campus Gama,AVALIAÇÃO DE COMPOSTOS FITOQUÍMICOS DA BEBIDA COLD BREW,2021,RESUMO,5
6253,Débora Kono Taketa Moreira,Campus Gama,AVALIAÇÃO DA EXTRAÇÃO DE FENÓLICOS TOTAIS EM QUIABOS,2021,RESUMO,4
6253,Débora Kono Taketa Moreira,Campus Gama,AVALIAÇÃO DO PERFIL FITOQUÍMICO DE SORVETES PREPARADOS UTILIZANDO LEITES VEGETAIS,2021,RESUMO,5
6253,Débora Kono Taketa Moreira,Campus Gama,PHENOLICS COMPOUNDS AND ANTIOXIDANT ACTIVITY OF FIVE WASTES FROM FRUIT PROCESSING IN THE STATE OF PARÁ,2021,RESUMO,7
6253,Débora Kono Taketa Moreira,Campus Gama,AVALIAÇÃO DE COMPOSTOS FENÓLICOS TOTAIS E ATIVIDADE ANTIOXIDANTE DE RESÍDUOS DA FRUTICULTURA AMAZÔNICA FERMENTADOS COM SACHAROMYCES CEREVISAE,2021,RESUMO,7
6253,Débora Kono Taketa Moreira,Campus Gama,ANÁLISES FITOQUÍMICAS DO RESÍDUO DE MANDIOCA (Manihot esculenta Crantz),2022,RESUMO_EXPANDIDO,6
6253,Débora Kono Taketa Moreira,Campus Gama,AVALIAÇÃO DO EFEITO DA TEMPERATURA E DA REPETIÇÃO DE LAVAGENS NA EXTRAÇÃO DE CLOROFILA EM FARINHA DE QUIABO (Abelmoschus esculentus),2022,RESUMO_EXPANDIDO,4
6253,Débora Kono Taketa Moreira,Campus Gama,AVALIAÇÃO DE SOLVENTES PARA A EXTRAÇÃO DA CLOROFILA EM QUIABOS DESIDRATADOS (Abelmoschus esculentus),2022,RESUMO_EXPANDIDO,4
6253,Débora Kono Taketa Moreira,Campus Gama,AVALIAÇÃO DE MÉTODOS DE EXTRAÇÃO DE COMPOSTOS FITOQUÍMICOS NA CASCA DE CAFÉ SECA (Coffea arabica),2022,RESUMO_EXPANDIDO,5
6253,Débora Kono Taketa Moreira,Campus Gama,AVALIAÇÃO DA CONSERVAÇÃO DA COR E ATIVIDADE FITOQUÍMICA EM QUIABOS DESIDRATADOS (Abelmoschus esculentus),2022,RESUMO_EXPANDIDO,5
6253,Débora Kono Taketa Moreira,Campus Gama,AVALIAÇÃO FITOQUÍMICA DA FARINHA DE CASCA DE PEQUI (Caryocar brasiliense),2022,RESUMO_EXPANDIDO,4
6253,Débora Kono Taketa Moreira,Campus Gama,OPTIMIZATION OF THE EXTRACTION OF PHENOLIC COMPOUNDS AND FLAVONOIDS FROM TUCUMÃ (Astrocaryum vulgare Mart.) USING EXPERIMENTAL DESIGN,2023,RESUMO,9
6253,Débora Kono Taketa Moreira,Campus Gama,INCLUSÃO DE CASCA DE MANDIOCA NA RAÇÃO PARA TAMBAQUIS COLOSSOMA MACROPOMUM CRIADOS COM A TECNOLOGIA DE BIOFLOCOS,2023,RESUMO,12
6253,Débora Kono Taketa Moreira,Campus Gama,ATIVIDADE ANTIMICROBIANA DE EXTRATOS VEGETAIS FRENTE STAPHYLOCOCCUS AUREUS,2021,RESUMO,6
6253,Débora Kono Taketa Moreira,Campus Gama,ATIVIDADE ANTIMICROBIANA DE EXTRATOS VEGETAIS FRENTE AEROMONAS HYDROPHILA,2021,RESUMO,6
6253,Débora Kono Taketa Moreira,Campus Gama,COMPOSIÇÃO CERTESIMAL DE BIOFLOCOS EM TANQUES DE TAMBAQUI,2023,RESUMO,5
6253,Débora Kono Taketa Moreira,Campus Gama,Caracterização físico-química da farinha de peixinho da horta (Stachys Byzantina K. Koch),2023,RESUMO,2
6253,Débora Kono Taketa Moreira,Campus Gama,ANÁLISE ANTIOXIDANTE EM MÚSCULO E FÍGADO DE PEIXES TAMBAQUI,2024,RESUMO,3
6253,Débora Kono Taketa Moreira,Campus Gama,DESENVOLVIMENTO DE SNAK DE BERTALHA (BASELLA ALBA),2024,RESUMO,2
6253,Débora Kono Taketa Moreira,Campus Gama,AVALIAÇÃO DA PRODUÇÃO DO ÓLEO DE BARU NA RIDE-DF,2024,RESUMO,2
6253,Débora Kono Taketa Moreira,Campus Gama,COMPOSIÇÃO CENTESIMAL E POTENCIAL ANTIOXIDANTE DA PIMENTA DE CHEIRO (CAPSICUM CHINENSE),2024,RESUMO,2
6253,Débora Kono Taketa Moreira,Campus Gama,"ANÁLISE DA TECNOLOGIA DE BIOFLOCOS (BFT), COMO UM POTENCIAL FERTILIZANTE PARA ALFACE",2024,RESUMO,2
6253,Débora Kono Taketa Moreira,Campus Gama,Produção de bala de goma de pimenta,2024,RESUMO,4
6255,Venâncio Francisco De Souza Junior,Campus Planaltina,Diversão e arte na Casa do Vovô: um relato de experiência,2021,COMPLETO,3
6255,Venâncio Francisco De Souza Junior,Campus Planaltina,A Formação Continuada de Professores: um olhar para o PNE2014-2024.,2021,COMPLETO,3
6255,Venâncio Francisco De Souza Junior,Campus Planaltina,"A atuação docente nocontexto da educação inclusiva: desafios, avanços e entraves",2021,COMPLETO,2
6255,Venâncio Francisco De Souza Junior,Campus Planaltina,O Exame Nacional do Ensino Médio e seu impacto na Educação Profissional e Tecnológica,2021,COMPLETO,2
6255,Venâncio Francisco De Souza Junior,Campus Planaltina,Uma breve história do ENEM: avanços e ranços até a era digital,2021,RESUMO_EXPANDIDO,1
6255,Venâncio Francisco De Souza Junior,Campus Planaltina,As provas padronizadas e as políticas públicas de educação no Brasil (1970 a 2021),2021,RESUMO_EXPANDIDO,1
6259,Ibsen Perucci De Sena,Campus Estrutural,A Interdisciplinaridade como ponto de partida para o currículo integrado,2021,RESUMO,1
6259,Ibsen Perucci De Sena,Campus Estrutural,Educação Musical e Profissional na Configuração de Culturas Escolares: uma análise de experiência docente,2022,COMPLETO,1
6259,Ibsen Perucci De Sena,Campus Estrutural,Economia Circular e Formação Profissional na EJA: integrando Arte e Meio Ambiente,2022,RESUMO_EXPANDIDO,1
6259,Ibsen Perucci De Sena,Campus Estrutural,O Projeto Integrador como Campo de Iniciação Científica: uma experiência exitosa no IFB,2022,RESUMO,6
6259,Ibsen Perucci De Sena,Campus Estrutural,Gravuras com Personagens da Literatura: uma intervenção artística na biblioteca do IFB campus Estrutural,2022,RESUMO,2
6260,Eloisa Mar E Annabella,Campus Brasília,"Pela pele, meu coração: um testemunho",2020,COMPLETO,1
6261,Anna Carolina Da Costa Koch,Campus Planaltina,Composição físico-química do leite produzido no IFB - Campus Planaltina,2020,RESUMO_EXPANDIDO,1
6262,Paula Georg Dornelles,Campus Samambaia,Direct Evaluation of the Effect of Thermal Treatment on the Parallel Compression Strength of Wood,2024,RESUMO,7
6262,Paula Georg Dornelles,Campus Samambaia,Turning Forest Waste Into Durable Materials: Development and Evaluation of Wood-plastic Composites,2024,COMPLETO,5
6264,Leandro Pellenz,Campus Estrutural,PRODUÇÃO DE BIOFERTILIZANTES A PARTIR DE HIDRÓLISE BIOLÓGICA DE RESÍDUOS DE PENAS DE FRANGO,2022,COMPLETO,5
6264,Leandro Pellenz,Campus Estrutural,ECONOMIA CIRCULAR E SUSTENTABILIDADE NA AGROINDÚSTRIA: UMA REVISÃO SOBRE O USO DE CINZAS DE BIOMASSA EM MATERIAIS GEOPOLIMÉRICOS,2022,COMPLETO,5
6264,Leandro Pellenz,Campus Estrutural,REVISÃO BIBLIOGRÁFICA:TENDÊNCIAS EM EMBALAGENS ATIVAS PARA ALIMENTOS,2022,COMPLETO,5
6264,Leandro Pellenz,Campus Estrutural,APLICAÇÃO DE ADSORVENTES NA REMOÇÃO DE CONTAMINANTES ORIUNDOS DE PRÁTICAS AGRÍCOLAS,2022,COMPLETO,5
6264,Leandro Pellenz,Campus Estrutural,MICROPLÁSTICOS NO SOLO: UMA VISÃO GERAL,2022,COMPLETO,5
6266,Jammilly Mikaela Fagundes Brandão,Campus Riacho Fundo,?EMPREENDER PARA NÃO DIVORCIAR!?: O PROCESSO DE CRIAÇÃO E ESTRUTURAÇÃO ORGANIZACIONAL DE UMA EMPRESA QUE SALVOU UM CASAMENTO,2020,COMPLETO,2
6266,Jammilly Mikaela Fagundes Brandão,Campus Riacho Fundo,O Uso dos Cinco Sentidos de Gerentes no Cotidiano da Prática da Gestão Hoteleira,2021,COMPLETO,2
6266,Jammilly Mikaela Fagundes Brandão,Campus Riacho Fundo,SELO VIAGEM SUSTENTÁVEL: UMA ANÁLISE DAS PRÁTICAS SUSTENTÁVEIS DE HOTÉIS LOCALIZADOS EM BRASÍLIA-DF de,2023,COMPLETO,2
6266,Jammilly Mikaela Fagundes Brandão,Campus Riacho Fundo,EDUARDO E MÔNICA - UM CASO PARA ENSINO SOBRE HOTELARIA HOSPITALAR EM UM HOSPITAL PARTICULAR LOCALIZADO EM BRASÍLIA-DF,2023,COMPLETO,2
6266,Jammilly Mikaela Fagundes Brandão,Campus Riacho Fundo,'É AULA OU DIVERSÃO?: APRESENTAÇÃO DE METODOLOGIAS ATIVAS UTILIZADAS EM UMA DISCIPLINA DE ADMINISTRAÇÃO OFERTADA EM UM CURSO SUPERIOR DE HOTELARIA,2024,COMPLETO,2
6266,Jammilly Mikaela Fagundes Brandão,Campus Riacho Fundo,"Jogo ?Xi, Sujou!? - apresentação de uma inovação para o ensino-aprendizagem em Hotelaria a partir da abordagem do Design Thinking",2023,RESUMO_EXPANDIDO,5
6269,Carolina Torres Oliveira,Campus Ceilândia,O USO DE TECNOLOGIAS DIGITAIS NA ORGANIZAÇÃO DO TRABALHO PEDAGÓGICO DO PROFESSOR DE ESPANHOL EM TEMPOS DE PANDEMIA.,2022,RESUMO_EXPANDIDO,2
6269,Carolina Torres Oliveira,Campus Ceilândia,Organização do Trabalho Pedagógico e Subjetividade de Professores em Período de Pandemia,2021,RESUMO,1
6277,Wesley Da Silva Oliveira,Campus São Sebastião,CONSTRUÇÃO CURRICULAR DO CURSO TÉCNICO EM SECRETARIADO - PROEJA: INTERFACES ENTRE O PROPOSTO (FORMAL) E O PRATICADO (REAL).,2021,RESUMO,2
6278,Marcos Vinícius Buiati Rezende,Campus Brasília,Dos fundamentos Bartenieff ao corpo monstro ? diálogos entre a preparação técnica do intérprete e a criação em dança.,2021,RESUMO_EXPANDIDO,1
6278,Marcos Vinícius Buiati Rezende,Campus Brasília,Dos fundamentos Bartenieff ao corpo monstro ? diálogos entre a preparação técnica do intérprete e a criação em dança.,2021,COMPLETO,1
6278,Marcos Vinícius Buiati Rezende,Campus Brasília,Dos Fundamentos Bartenieff ao corpo monstro: diálogos entre a preparação técnica do intérprete e a composição em dança contemporânea,2021,COMPLETO,1
6280,Rafaela Caetano De Moraes,Campus Brasília,"Best Sustainability Practices in Events Case Study: ?Na Praia,? Brasília, Brazil",2020,COMPLETO,3
6280,Rafaela Caetano De Moraes,Campus Brasília,Uma perspectiva quantitativa sobre a comunicação pública no Instituto Federal de Brasília,2022,RESUMO,2
6280,Rafaela Caetano De Moraes,Campus Brasília,UMA PERSPECTIVA QUANTITATIVA SOBRE A COMUNICAÇÃO PÚBLICA NO INSTITUTO FEDERAL DE BRASÍLIA,2024,RESUMO_EXPANDIDO,2
6286,Álvaro Eduardo Do Amaral Menezes Junior,Campus Estrutural,Relato de Experiência acerca da integração no Curso Técnico Integrado ao Nível Médio,2020,RESUMO_EXPANDIDO,5
6286,Álvaro Eduardo Do Amaral Menezes Junior,Campus Estrutural,IDENTIDADE AUTOMOTIVA: APROPRIAÇÃO TECNOLÓGICA DE CARROCERIAS AUTOMOTIVAS DESCARTADAS,2021,RESUMO,6
6286,Álvaro Eduardo Do Amaral Menezes Junior,Campus Estrutural,Steel-concrete Composite Floors Subjected to Mechanical Equipment Loads: Dynamic Analysis and Fatigue Assessment,2021,COMPLETO,3
6286,Álvaro Eduardo Do Amaral Menezes Junior,Campus Estrutural,LEVANTAMENTO DO USO DE BANCADAS DIDÁTICAS EM PUBLICAÇÕES DA REVISTA DA RBEPT,2024,COMPLETO,2
6286,Álvaro Eduardo Do Amaral Menezes Junior,Campus Estrutural,DESENVOLVIMENTO DE SISTEMA ELETRÔNICO AUTOMATIZADO PARA BANCADA AUTOMOTIVA,2022,RESUMO,5
6286,Álvaro Eduardo Do Amaral Menezes Junior,Campus Estrutural,RELATO DE EXPERIÊNCIA SOBRE INTEGRAÇÃO NO EMI NO RETORNO A PRESENCIALIDADE,2022,RESUMO_EXPANDIDO,4
6286,Álvaro Eduardo Do Amaral Menezes Junior,Campus Estrutural,CAIXA DE REDUÇÃO PARA BAJA SAE,2023,RESUMO_EXPANDIDO,2
6286,Álvaro Eduardo Do Amaral Menezes Junior,Campus Estrutural,Bancada Didática para o Ensino e Pesquisa de Motores,2022,RESUMO,6
6287,Elisandra Nazaré Maia De Medeiros,Campus Samambaia,SIMULAÇÃO DE UM SISTEMA DE CONDICIONAMENTO DE  AMBIENTE EMBARCADO NA ESTRUTURA DE UMA EDIFICAÇÃO EM  BRASÍLIA,2021,RESUMO,3
6287,Elisandra Nazaré Maia De Medeiros,Campus Samambaia,METODOLOGIA TÉCNICA DE QUALIFICAÇÃO PROFISSIONAL NA  ÁREA DE CONSTRUÇÃO CIVIL PARA JOVENS E ADULTOS COM  DEFICIÊNCIA INTELECTUAL,2021,RESUMO,3
6287,Elisandra Nazaré Maia De Medeiros,Campus Samambaia,Resgate Educacional: Desafios e Perspectivas para Redução da Evasão Escolar em Tempos Tecnológicos,2020,RESUMO,2
6289,Priscila Bosquê De Almeida Stevanato,Campus Taguatinga,"TESSITURA: COSTURANDO ENSINO, PESQUISA E EXTENSÃO",2023,COMPLETO,3
6289,Priscila Bosquê De Almeida Stevanato,Campus Taguatinga,MODELARIA: METODOLOGIA PARA O ENSINO DE ENGINEERED PRINT,2024,COMPLETO,3
6289,Priscila Bosquê De Almeida Stevanato,Campus Taguatinga,O DOWNLOAD DA MODELAGEM:  UM RELATO SOBRE O ENSINO REMOTO DA MODELAGEM,2024,COMPLETO,1
6293,Juliana Parente Matias,Campus Ceilândia,Paulo Freire na sala de aula: dialogicidade e afetividade no ensino remoto.,2021,RESUMO,2
6299,Juliana Cunha Passos,Campus Brasília,"IFestival Dança IFB: ensino, pesquisa e extensão em edições virtuais",2021,RESUMO_EXPANDIDO,1
6299,Juliana Cunha Passos,Campus Brasília,IFestival Dança: projeto de extensão e componente curricular em edições virtuais de 2020-2021,2021,RESUMO_EXPANDIDO,1
6299,Juliana Cunha Passos,Campus Brasília,CURSO FIC SENSIBILIZAÇÃO PARA O MOVIMENTO ATRAVÉS DA DANÇA,2021,RESUMO_EXPANDIDO,4
6299,Juliana Cunha Passos,Campus Brasília,Curso FIC Sensibilização para o movimento através da dança: aprimoramento em habilidades humanísticas,2021,RESUMO,6
6299,Juliana Cunha Passos,Campus Brasília,O movimento transgressor do Frevo e a Educação Libertária,2022,RESUMO_EXPANDIDO,2
6299,Juliana Cunha Passos,Campus Brasília,Produção Cultural em Dança no DF: Fundo de Apoio à Cultura (2018 a 2021),2022,RESUMO_EXPANDIDO,2
6299,Juliana Cunha Passos,Campus Brasília,Dança clássica: por uma metodologia de ensino mais consciente,2021,RESUMO_EXPANDIDO,2
6299,Juliana Cunha Passos,Campus Brasília,Os 10 anos da Licenciatura em Dança do IFB: criação de conteúdo audiovisual em Redes Sociais,2021,RESUMO_EXPANDIDO,2
6299,Juliana Cunha Passos,Campus Brasília,OS 10 ANOS DA LICENCIATURA EM DANÇA DO IFB: CRIAÇÃO DE CONTEÚDO AUDIOVISUAL EM REDES SOCIAIS,2021,RESUMO,2
6299,Juliana Cunha Passos,Campus Brasília,DANÇA CLÁSSICA: POR UMA METODOLOGIA DE ENSINO MAIS CONSCIENTE,2021,RESUMO,2
6299,Juliana Cunha Passos,Campus Brasília,Doar-se dor,2021,RESUMO,1
6299,Juliana Cunha Passos,Campus Brasília,IMPROVISAÇÕES: DANÇA E MÚSICA,2021,RESUMO,1
6299,Juliana Cunha Passos,Campus Brasília,Dança clássica: por uma metodologia de ensino mais consciente,2021,RESUMO_EXPANDIDO,2
6299,Juliana Cunha Passos,Campus Brasília,Os 10 anos da licenciatura em dança do IFB: criação de conteúdo audiovisual em redes sociais,2021,RESUMO_EXPANDIDO,2
6299,Juliana Cunha Passos,Campus Brasília,FIC SENSIBILIZAÇÃO PARA O MOVIMENTO ATRAVÉS DA DANÇA: aprimoramento em habilidades humanísticas,2022,RESUMO_EXPANDIDO,6
6299,Juliana Cunha Passos,Campus Brasília,"IFESTIVAL DANÇA 10 ANOS: extensão, ensino e pesquisa",2022,RESUMO_EXPANDIDO,1
6299,Juliana Cunha Passos,Campus Brasília,IFESTIVAL DANÇA: PROJETO DE EXTENSÃO E COMPONENTE CURRICULAR EM EDIÇÕES VIRTUAIS 2020-2021,2021,RESUMO_EXPANDIDO,1
6314,Fabiana Carvalho Da Silva Bispo,Campus Brasília,PROPOSIÇÕES À AVALIAÇÃO: O INVENTÁRIO NACIONAL DA DIVERSIDADE LINGUÍSTICA BRASILEIRA,2022,COMPLETO,2
6316,Lucas Fernandes De Lima Lira,Campus Samambaia,SIMULAÇÃO DE UM SISTEMA DE AQUECIMENTO SOLAR DE ÁGUA EMBARCADO EM ESTRUTURA DE CONCRETO NO DISTRITO FEDERAL,2021,RESUMO,4
6316,Lucas Fernandes De Lima Lira,Campus Samambaia,SIMULAÇÃO DE UM SISTEMA DE CONDICIONAMENTO DE AMBIENTE EMBARCADO NA ESTRUTURA DE UMA EDIFICAÇÃO EM BRASÍLIA,2021,RESUMO,3
6317,Marcio Tavares De Castro,Campus Samambaia,Estúdio-Laboratório Sustentável IFB - Samambaia,2022,RESUMO,4
6317,Marcio Tavares De Castro,Campus Samambaia,"Podcast - Penso, Logo Edifico",2023,RESUMO,1
6318,Elisa Teixeira De Souza,Campus Brasília,Contato e Somática: reflexões e relatos de uma experiência na Extensão do Instituto Federal de Brasília,2022,COMPLETO,1
6320,Carine Schenekenberg Guedes,Campus Ceilândia,X Semana de Produção Científica do IFB,2021,RESUMO,2
6327,Carla Sabrina Cunha,Campus Brasília,Escutando Paisagens Femininas,2022,COMPLETO,1
6327,Carla Sabrina Cunha,Campus Brasília,Escutando Paisagens Femininas: Ecos,2022,COMPLETO,1
6331,Leoncio Regal Dutra,Campus Gama,Implementação de Serviços de QoS desde uma Rede MetroEthernet até uma Rede WiMax.,2021,RESUMO,1
6336,Heloisa Alves De Figueiredo Sousa,Campus Planaltina,Características físico-químicas e microscópicas do café orgânico produzido no Distrito Federal,2023,RESUMO,2
6342,Pedro Henrique Isaac Silva,Campus São Sebastião,"Plataformização da Educação: Despersonalização do trabalho docente e educação mercadorizada, precarizada e financeirizada.",2022,RESUMO,2
6342,Pedro Henrique Isaac Silva,Campus São Sebastião,A solitude da conexão: Sociabilidades e significações do trabalho uberizado,2021,RESUMO,2
6342,Pedro Henrique Isaac Silva,Campus São Sebastião,Os impactos da uberização da Educação sobre o trabalho docente e o processo de ensino ? aprendizagem,2022,RESUMO,2
6343,Suiane Bezerra Da Silva,Campus Ceilândia,CERTIFICAÇÃO DE PROFICIÊNCIA DE PORTUGUÊS DO BRASIL PARA SURDOS (CLIPS): PROJETO DE EXTENSÃO RUMO À ACESSIBILIDADE,2020,RESUMO,6
6343,Suiane Bezerra Da Silva,Campus Ceilândia,ENSINO DE PORTUGUÊS A DISTÂNCIA PARA MÉDICOS CUBANOS RESIDENTES  NO BRASIL PELO PROGRAMA MAIS MÉDICOS,2020,RESUMO_EXPANDIDO,1
6343,Suiane Bezerra Da Silva,Campus Ceilândia,RELATO DE EXPERIÊNCIAS PEDAGÓGICAS NO ENSINO DE PL2 PARA SURDOS,2020,RESUMO,8
6346,Laeticia Jensen Eble,Campus Riacho Fundo,Inserção do Projeto Sífilis Não na Conferência Estadual de Saúde do Tocantins,2020,COMPLETO,3
6349,Antônio Dantas Costa Neto,Campus Estrutural,O ENSINO DE CÁLCULO NO INSTITUTO FEDERAL DE BRASÍLIA: ENTENDER E INTERVIR,2021,RESUMO,4
6351,Carlos Petrônio Leite Da Silva,Campus Samambaia,A Importância e o Impacto do Monitoramento das Estacas Tipo Hélice Contínua em  seu Desempenho,2024,COMPLETO,4
6351,Carlos Petrônio Leite Da Silva,Campus Samambaia,Avaliação de recalques de aterros e potenciais problemas de fundações,2024,COMPLETO,2
6352,Alinne Santana Ferreira,Campus Gama,"Compartilhar e construir saberes: estudo dos eventos de letramento nos clubes de leitura e de música do Laboratório de Linguagem - LabLin,",2020,RESUMO,2
6353,Cristiane Batista Salgado,Campus Brasília,Monitoramento do uso e ocupação do solo por meio de sérires temporais de imagens de radar,2024,RESUMO,2
6357,Gustavo Henrique Dornelas De Deus,Campus Brasília,ANÁLISE E PROPOSIÇÃO DE MELHORIA DE PROCESSOS: UMA PESQUISA-AÇÃO NO NAPNE DO IFB CAMPUS BRASÍLIA,2022,RESUMO_EXPANDIDO,5
6357,Gustavo Henrique Dornelas De Deus,Campus Brasília,GERENCIAMENTO DE PROCESSOS: RELATO DE EXPERIÊNCIA NO CAMPUS BRASÍLIA,2022,RESUMO_EXPANDIDO,3
6357,Gustavo Henrique Dornelas De Deus,Campus Brasília,SISTEMA DE REALIDADE VIRTUAL NA PRESERVAÇÃO HISTÓRICA DE INFORMAÇÕES,2022,RESUMO_EXPANDIDO,2
6358,Daniel Soares De Souza,Campus Gama,Prioridade Observada a partir da Presunção de Atitude Gaussiana das Alternativas: escolha de prestadores de serviços de distribuição em uma confeitaria do DF,2021,COMPLETO,3
6358,Daniel Soares De Souza,Campus Gama,EFEITO DA PANDEMIA DA COVID-19 NO DESEMPENHO DAS EMPRESAS TRANSPORTADORAS DE CARGAS RODOVIÁRIAS DE GOIÁS E DISTRITO FEDERAL,2022,COMPLETO,5
6358,Daniel Soares De Souza,Campus Gama,Efeito da Pandemia da Covid-19 no Desempenho de Empresas Industriais,2022,COMPLETO,3
6358,Daniel Soares De Souza,Campus Gama,"APLICAÇÃO DO MÉTODO AHP PARA APOIO À TOMADA DE DECISÃO EM UM MODELO DE CONSTRUÇÃO DE DISCIPLINAS MATEMÁTICAS: uma proposta para o componente curricular de pré-cálculo nos institutos federais de educação, ciência e tecnologia",2022,COMPLETO,3
6358,Daniel Soares De Souza,Campus Gama,As Adversidades Enfrentadas pelas Oganizações no Brasil em implementar o sistema de custeio abc (activity based costing): síntese quantitativa das principais dificuldades encontradas na implementação do sistema,2021,RESUMO,4
6358,Daniel Soares De Souza,Campus Gama,DESEMPENHO CONTÁBIL E EFICÁCIA DO SERVIÇO PÚBLICO: REFLEXÕES SOBRE UMA GESTÃO MULTIDIMENSIONAL E INTERDISCIPLINAR,2024,COMPLETO,2
6358,Daniel Soares De Souza,Campus Gama,LEVANTAMENTO DE PROCESSOS DE MINERAÇÃO DE DADOS NO CONTEXTO DE BASES GOVERNAMENTAIS: UMA ABORDAGEM INTEGRATIVA PARA COMPILAÇÃO E ANÁLISE DE INFORMAÇÕES ESTRATÉGICAS,2024,COMPLETO,5
6358,Daniel Soares De Souza,Campus Gama,"Desenvolvimento e Memorial de Pregão Eletrônico por Sistema de Registro de Preço (SRP) no Ministério da Agricultura, Pecuária e Abastecimento (MAPA)",2022,RESUMO,6
6358,Daniel Soares De Souza,Campus Gama,"Estudo sobre Centralização de Atividades no Ministério da Agricultura, Pecuária e Abastecimento (MAPA)",2022,RESUMO,7
6358,Daniel Soares De Souza,Campus Gama,ANÁLISE DE DADOS REFERENTE AO DESEMPENHO DO SERVIÇO PRESTADO PELA CAESB NO DISTRITO FEDERAL,2024,RESUMO,2
6358,Daniel Soares De Souza,Campus Gama,OTIMIZAÇÃO DA GESTÃO DE FORNECEDORES EM UMA PAPELARIA DO DISTRITO FEDERAL,2024,RESUMO,3
6358,Daniel Soares De Souza,Campus Gama,RELAÇÃO ENTRE FATORES DEMOGRÁFICOS E ECONÔMICOS E A ADESÃO À PREVIDÊNCIA PRIVADA,2024,RESUMO,5
6361,Loureine Rapôso Oliveira Garcez,Campus Ceilândia,"Young scientists: facing arboviruses and youth participation in the Ceilândia territory, Brazil",2021,RESUMO,7
6364,Ângela Beatriz Souza Bertazzo,Campus Samambaia,Metodologia Técnica de Qualificação Profissional na área de construção civil para jovens e adultos com deficiência Intelectual,2021,RESUMO,3
6364,Ângela Beatriz Souza Bertazzo,Campus Samambaia,Hábitos Sanitários em domicílios do DF,2021,RESUMO,6
6364,Ângela Beatriz Souza Bertazzo,Campus Samambaia,Experiências Exitosas do projeto de extensão água nossa de cada dia,2021,RESUMO,6
6364,Ângela Beatriz Souza Bertazzo,Campus Samambaia,Experiências em design de superfície no PROEJA em Edificações,2023,RESUMO,2
6364,Ângela Beatriz Souza Bertazzo,Campus Samambaia,Cooperação Internacional IFB Angola: relatos de uma aproximação,2022,RESUMO,2
6364,Ângela Beatriz Souza Bertazzo,Campus Samambaia,"DISCUSSÃO DE PARÂMETROS CONSTRUTIVOS OBSERVADOS EM ANGOLA: INFLUÊNCIAS, CONSEQUÊNCIAS E O FUTURO DA CONSTRUÇÃO CIVIL NO PAÍS",2022,RESUMO,2
6365,Cristiane Jorge De Lima Bonfim,Campus Brasília,Sequência Didática para o Ensino de Programação nas Séries Iniciais do Ensino Fundamental,2022,RESUMO_EXPANDIDO,4
6369,Mariana Schievano Danelon,Campus Gama,Parece mas não é: práticas e percepções dos consumidores do distrito federal sobre produtos lácteos similares aos tradicionais.,2024,RESUMO,2
6369,Mariana Schievano Danelon,Campus Gama,Preparações elaboradas com misturas lácteas ou com ingredientes tradicionais: comparação de parâmetros tecnológicos e sensoriais,2024,RESUMO,2
6369,Mariana Schievano Danelon,Campus Gama,Revestimento de morango com cobertura protetora à base de fécula de mandioca e extrato de kombucha,2024,RESUMO,2
6369,Mariana Schievano Danelon,Campus Gama,"Queijo petit suisse com kefir, chia e linhaça",2024,RESUMO,4
6369,Mariana Schievano Danelon,Campus Gama,Aceitação sensorial e intenção de compra de pães de mel com diferentes formulações,2023,RESUMO,5
6369,Mariana Schievano Danelon,Campus Gama,Aceitação sensorial de formulações de molho de maionese preparadas com fumaça líquida,2023,RESUMO,5
6369,Mariana Schievano Danelon,Campus Gama,Geleias de cajuzinho-do-cerrado com e sem adição de açúcar: análises físico-químicas e sensoriais,2023,RESUMO,3
6369,Mariana Schievano Danelon,Campus Gama,Aceitação sensorial e caracterização físico-química de gelados comestíveis elaborados à base de iogurte ou de leite fermentado por kefir,2022,RESUMO,2
6369,Mariana Schievano Danelon,Campus Gama,Aceitação sensorial e caracterização físico-química de gelados comestíveis elaborados à base de iogurte ou de leite fermentado por kefir,2022,RESUMO,2
6369,Mariana Schievano Danelon,Campus Gama,Sistema de delivery em serviços de alimentação de região administrativa do Distrito Federal: Adaptações realizadas com a pandemia de Covid-19 segundo proprietários e entregadores,2022,RESUMO,4
6369,Mariana Schievano Danelon,Campus Gama,Características físico-químicas de gelados comestíveis preparados com diferentes leites fermentados,2022,RESUMO,3
6369,Mariana Schievano Danelon,Campus Gama,"Aceitação sensorial de tomates tipo cereja revestidos com cobertura à base de amido de mandioca, sorbitol e kefir",2021,RESUMO,5
6369,Mariana Schievano Danelon,Campus Gama,"Parâmetros físico-químicos de qualidade de tomates cereja revestidos com amido de mandioca, sorbitol e kefir",2021,RESUMO,5
6369,Mariana Schievano Danelon,Campus Gama,Farinha de beterraba e kefir em revestimentos para morangos: análise de doçura e aceitação sensorial,2021,RESUMO,5
6371,Marcos Ramon Gomes Ferreira,Campus Brasília,O impacto das redes sociais na comunicação em ambientes organizacionais,2021,RESUMO,2
6371,Marcos Ramon Gomes Ferreira,Campus Brasília,"Consumo cultural, algoritmos e a ascensão da comodidade",2024,COMPLETO,2
6372,Elissélia Keila Ramos Leão Paes,Campus Brasília,Aprendizagem inovadora nas práticas de educação profissional no Curso de Eventos do IFB: O caso do evento ?Lixo Zero?,2021,COMPLETO,4
6372,Elissélia Keila Ramos Leão Paes,Campus Brasília,Evento gastronômico Lixo Zero: O caso Chef nos Eixos,2021,COMPLETO,5
6372,Elissélia Keila Ramos Leão Paes,Campus Brasília,Reflexões sobre as Práticas Pedagógicas dos Sujeitos Participantes no Evento Ser Negra,2021,RESUMO,5
6372,Elissélia Keila Ramos Leão Paes,Campus Brasília,INCLUSÃO DA PESSOA COM DEFICIÊNCIA: Um olhar para a experiência do Núcleo de Atendimento às Pessoas com Necessidades Específicas (NAPNE),2024,RESUMO_EXPANDIDO,3
6374,Sandra Mara Tabosa De Oliveira,Campus Brasília,Reflexões sobre as Práticas Pedagógicas dos Sujeitos Participantes no  Evento Ser Negra,2021,RESUMO_EXPANDIDO,5
6375,Simone Pinheiro Santos,Campus Brasília,Evento gastronômico Lixo Zero: O caso Chef nos Eixos.,2021,COMPLETO,2
6377,Juliana Viégas Pinto Vaz Dos Santos,Campus Brasília,?The inclusion of people with disabilities in the events market?,2021,RESUMO,1
6379,Gandhia Vargas Brandão,Campus Samambaia,EPT E O EMPREENDEDORISMO FEMININO,2024,COMPLETO,2
6379,Gandhia Vargas Brandão,Campus Samambaia,ENFRENTAMENTO DA VIOLÊNCIA SEXUAL CONTRA CRIANÇAS E ADOLESCENTES,2024,COMPLETO,2
6379,Gandhia Vargas Brandão,Campus Samambaia,CONEXÕES INTERDISCIPLINARES PARA O APRENDIZADO,2024,COMPLETO,2
6379,Gandhia Vargas Brandão,Campus Samambaia,A FALTA DA EDUCAÇÃO INCLUSIVA E AS CONSEQUENTES DIFICULDADES DE UMA JOVEM COM TEA/TDAH/TAB NA EDUCAÇÃO BÁSICA,2024,COMPLETO,2
6382,José Dario Pintor Da Silva,Campus Brasília,Desenvolvimento de um aplicativo para o estudo de correlação e regressão linear,2020,RESUMO,5
6382,José Dario Pintor Da Silva,Campus Brasília,CURSO DE FORMAÇÃO INICIAL E CONTINUADA: introdução à programação utilizando a linguagem Swift,2022,RESUMO_EXPANDIDO,4
6383,Flávia Furtado Rainha Silveira,Campus Brasília,ENGAJAMENTO NO TRABALHO: estado da arte das publicações de uma década nas plataformas SciELO e Spell,2021,RESUMO_EXPANDIDO,3
6383,Flávia Furtado Rainha Silveira,Campus Brasília,INGRESSO E PERMANÊNCIA NO MUNDO DO TRABALHO: a percepção dos discentes do Curso Superior de Tecnologia em Gestão Pública do Instituto Federal de Brasília - Campus Brasília,2021,RESUMO_EXPANDIDO,3
6383,Flávia Furtado Rainha Silveira,Campus Brasília,INTELIGÊNCIA EMOCIONAL NAS ORGANIZAÇÕES: análise bibliométrica e de conteúdo nas plataformas SciELO e Spell',2021,RESUMO_EXPANDIDO,3
6383,Flávia Furtado Rainha Silveira,Campus Brasília,ANÁLISE DO RELATÓRIO DE QUALIDADE DE VIDA NO TRABALHO: possibilidades para o IFB - Campus Brasília,2024,RESUMO_EXPANDIDO,4
6383,Flávia Furtado Rainha Silveira,Campus Brasília,QUALIDADE DE VIDA NO TRABALHO NO SERVIÇO PÚBLICO:um estudo de caso em uma organização federal,2021,RESUMO_EXPANDIDO,2
6389,Rafael Lavrador Sant Anna,Campus Brasília,recision technologies for assessing wine potential and prospecting in emerging regions: the case of the winter harvest in Brasília (DF/Brazil),2023,RESUMO,4
6389,Rafael Lavrador Sant Anna,Campus Brasília,New wine frontiers: challenges and perspectives for winter wines in the high-altitude cerrado in brasília (DF/Brazil),2024,RESUMO,5
6389,Rafael Lavrador Sant Anna,Campus Brasília,Bud morphology and fertility as a decision-making tool for production pruning in 'syrah' under double pruning in th Brazilian Cerrado.,2024,RESUMO,6
6389,Rafael Lavrador Sant Anna,Campus Brasília,Nutrition and quality of 'syrah' grapes under double pruning in the Brazilian High-Altitude Cerrado,2024,RESUMO,6
6389,Rafael Lavrador Sant Anna,Campus Brasília,Wine consumer behaviour in the High-Altitude Cerrado (Brazil),2024,RESUMO,7
6389,Rafael Lavrador Sant Anna,Campus Brasília,Beyond tasting: an analysis of the new experiential wine tourism,2024,RESUMO,3
6389,Rafael Lavrador Sant Anna,Campus Brasília,EnoTurLab: desarrollo del laboratorio de catalogación y creación de  experiencias enoturísticas,2023,RESUMO,3
6395,Larissa Dantas Oliveira,Campus São Sebastião,Letramento literário e novas tecnologias na escola: uma proposta teórico-prática para a formação inicial e continuada de professoras e professores da educação básica,2021,COMPLETO,2
6395,Larissa Dantas Oliveira,Campus São Sebastião,Além do jornal da escola: práticas discursivas da esfera midiática e jornalística como ponte para a comunidade escolar,2023,RESUMO_EXPANDIDO,1
6396,Washington Dos Santos Oliveira,Campus Brasília,Die Arbeit des Künstlers in der Moderne als freie Tätigkeit: Überlegungen zu Hegels Produktionsästhetik,2022,RESUMO_EXPANDIDO,1
6396,Washington Dos Santos Oliveira,Campus Brasília,Considerações a respeito da Relação do Artista com sua Obra na Estética Hegeliana a partir do Conceito de Trabalho,2022,RESUMO,1
6398,Keila Lima Sanches,Campus Samambaia,Levantamento dos custos de produção de objetos confeccionados a partir do reaproveitamento de resíduos sólidos moveleiros.,2020,RESUMO_EXPANDIDO,2
6398,Keila Lima Sanches,Campus Samambaia,Instrumentos Pedagógicos utilizados para o ensino Tecnológico da Madeira no Instituto Federal de Brasília.,2021,COMPLETO,3
6398,Keila Lima Sanches,Campus Samambaia,INVESTIMENTOS NO ENSINO PROFISSIONAL E TECNOLÓGICO: UM OLHAR A NÍVEL MUNDIAL,2021,RESUMO,5
6398,Keila Lima Sanches,Campus Samambaia,Produção de pequenos objetos a partir do reaproveitamento de resíduos sólidos lenhosos provenientes de descarte no DF,2021,RESUMO,2
6398,Keila Lima Sanches,Campus Samambaia,ANÁLISE COMPARATIVA SOBRE A EVOLUÇÃO TECNOLÓGICA DA INDÚSTRIA AUTOMOBILÍSTICA: Um olhar eco responsável,2022,RESUMO,4
6398,Keila Lima Sanches,Campus Samambaia,Um olhar sobre os resíduos lenhosos oriundos da manutenção de árvores no Distrito Federal.,2022,RESUMO,3
6398,Keila Lima Sanches,Campus Samambaia,ECO PRODUCTS: AN ECONOMIC ALTERNATIVE FOR THE REUSE OF FURNITURE SOLID WASTE.,2023,COMPLETO,3
6398,Keila Lima Sanches,Campus Samambaia,UMA SÍNTESE SOBRE A RECICLAGEM E REAPROVEITAMENTO DE RESÍDUOS LENHOSOS NO DF.,2023,RESUMO_EXPANDIDO,2
6402,Simone Lopes Mendes,Campus Brasília,A IMPORTÂNCIA DA LINGUAGEM COMO MEIO DE COMUNICAÇÃO,2020,COMPLETO,2
6402,Simone Lopes Mendes,Campus Brasília,"AS NORMAS GRAMATICIS PRESCRITIVAS DA LÍNGUA PORTUGUESA ADQUIRIDAS NA FORMAÇÃO COMPETENTE, MEDIANTE A ESCRITA QUANTITATIVA POR MEIO DA FERRAMENTA WAC",2020,COMPLETO,2
6402,Simone Lopes Mendes,Campus Brasília,O USO DE ROTEIROS DE APRENDIZAGEM EM AULAS ASSÍNCRONAS NA EDUCAÇÃO BÁSICA COMO RECURSO DE ENGAJAMENTO E AUTONOMIA DO EDUCANDO EM ÉPOCA DE PANDEMIA,2020,COMPLETO,3
6402,Simone Lopes Mendes,Campus Brasília,A REIVENÇÃO DO SER PROFESSOR MEDIANTE A APLICAÇÃO DE METODOLOGIAS INOVADORAS PARA O DESENVOLVIMENTO DE COMPETÊNCIAS SOCIOEMOCIONIAS EM TEMPO DE PANDEMIA,2020,COMPLETO,3
6404,Eduardo Melo Rebouças,Campus Brasília,La Heterosemanticidad Terminológica Parcial En El Ámbito Jurídico: Discusiones A Partir Del Análisis De Los Términos ?Violencia?/ ?Violência? (Español/Portugués),2020,COMPLETO,2
6404,Eduardo Melo Rebouças,Campus Brasília,"Fraseología, Fraseografía y colocaciones: elaboración de  material bilingüe para brasileños aprendices de lengua  española",2023,RESUMO,1
6407,Mônica Luciana Da Silva Pereira,Campus Samambaia,A utilização de recursos audiovisuais como ferramenta pedagógica no ensino e na aprendizagem em um curso técnico em logística.,2020,COMPLETO,4
6407,Mônica Luciana Da Silva Pereira,Campus Samambaia,Aprendizagem colaborativa aliada a tecnologia: uma análise com estudantes da educação profissional em disciplina de informática básica,2020,COMPLETO,4
6407,Mônica Luciana Da Silva Pereira,Campus Samambaia,Oficinas na formação de professores: propostas para a criação e adaptação de materiais didáticos acessíveis,2020,COMPLETO,5
6407,Mônica Luciana Da Silva Pereira,Campus Samambaia,A EVASÃO NO PROEJA EM EDIFICAÇÕES DO INSTITUTO FEDERAL DE BRASÍLIA CAMPUS SAMAMBAIA: UM ESTUDO DE CASO PARA COMPREENSÃO DO FENÔMENO,2024,RESUMO,2
6407,Mônica Luciana Da Silva Pereira,Campus Samambaia,O ESTÁGIO SUPERVISIONADO COMO UM ESPAÇO-TEMPO FORMATIVO NA LICENCIATURA EM EDUCAÇÃO PROFISSIONAL E TECNOLÓGICA,2022,COMPLETO,2
6408,Ana Carolina De Souza Silva Dantas Mendes,Campus Brasília,CURSO FIC SENSIBILIZAÇÃO PARA O MOVIMENTO ATRAVÉS DA DANÇA: APRIMORAMENTO EM HABILIDADES HUMANÍSTICAS,2021,RESUMO,6
6408,Ana Carolina De Souza Silva Dantas Mendes,Campus Brasília,VIVÊNCIAS EXPRESSIVAS EM DANÇA E MÚSICA: ENFRENTANDO COM ARTE OS DESAFIOS DA PRÁTICA DOCENTE EM MEIO À PANDEMIA,2021,RESUMO,6
6408,Ana Carolina De Souza Silva Dantas Mendes,Campus Brasília,"O CONHECER DO CORPO-TOTALIDADE: IMITAÇÃO E INVENÇÃO, POR MICHEL SERRES",2022,COMPLETO,1
6408,Ana Carolina De Souza Silva Dantas Mendes,Campus Brasília,PROFESSOR SURDO ENSINANDO PARA CRIANÇAS SURDAS E OUVINTES: A COMUNICAÇÃO CORPORAL COMO FERRAMENTA PARA O ENSINO DA DANÇA,2021,RESUMO,4
6410,Rodrigo Soares Guimarães Rodrigues,Campus Samambaia,A oferta de cursos superiores de graduação nos Institutos Federais: desafios e perspectivas em diferentes espaços,2023,COMPLETO,3
6410,Rodrigo Soares Guimarães Rodrigues,Campus Samambaia,Concepções de racismo e sua manifestação nos currículos escolares: uma análise crítica,2024,RESUMO,3
6410,Rodrigo Soares Guimarães Rodrigues,Campus Samambaia,Extensão acadêmica e práxis educativa: possibilidades para o trabalho docente,2024,COMPLETO,2
6410,Rodrigo Soares Guimarães Rodrigues,Campus Samambaia,Práxis na formação de professores: desafios e possibilidades para o trabalho docente,2024,RESUMO,5
6410,Rodrigo Soares Guimarães Rodrigues,Campus Samambaia,Extensão acadêmica como espaço e práxis educativa dialógica,2023,RESUMO_EXPANDIDO,2
6417,André Ferreira Pereira,Campus Planaltina,Influência do Déficit Hídrico em Diferentes Fases do Desenvolvimento da Soja,2022,RESUMO,2
6417,André Ferreira Pereira,Campus Planaltina,Efeito do estresse hídrico em diferentes fases do desenvolvimento da soja.,2022,RESUMO,2
6418,Veruska Ribeiro Machado,,Interdisciplinaridade no ensino de física e computação na educação básica: relato de experiência de um curso de formação inicial e continuada sob a perspectiva na construção de experimentos,2021,COMPLETO,3
6422,Antonio Justiniano De Moraes Neto,Campus Taguatinga,Chatbot e Análise Conversacional para Recomendação da Aprendizagem Colaborativa na EaD,2020,COMPLETO,3
6422,Antonio Justiniano De Moraes Neto,Campus Taguatinga,"Uma Abordagem Baseada em Dados Abertos Conectados e Chatbot para Disponibilizar o Catálogo de Cursos da Rede Federal de Educação Profissional, Científica e Tecnológica",2020,COMPLETO,4
6422,Antonio Justiniano De Moraes Neto,Campus Taguatinga,Conversational Analysis to Recommend Collaborative Learning in Distance Education,2022,RESUMO_EXPANDIDO,3
6422,Antonio Justiniano De Moraes Neto,Campus Taguatinga,Aprendizado de Máquina em Análise Conversacional para Recomendar a Colaboração em Fóruns de Discussão,2024,COMPLETO,5
6422,Antonio Justiniano De Moraes Neto,Campus Taguatinga,Análise Conversacional para Diagnosticar e Recomendar a Colaboração em Ambientes Virtuais de Aprendizagem,2022,COMPLETO,4
6425,Jeannye Estephany Keyth Da Silva,Campus Gama,ESTADO DA ARTE DO GERENCIAMENTO DE RESÍDUOS  SÓLIDOS DE HIPERMERCADOS EM PARAUAPEBAS-PA,2020,RESUMO_EXPANDIDO,4
6425,Jeannye Estephany Keyth Da Silva,Campus Gama,UMA ANÁLISE DOS SERVIÇOS DE COLETA  DIFERENCIADA DE RESÍDUOS DE CONSTRUÇÃO CIVIL  NA ILHA DE SÃO LUÍS - MA,2020,RESUMO_EXPANDIDO,4
6425,Jeannye Estephany Keyth Da Silva,Campus Gama,LEI DE RESPONSABILIDADE FISCAL: UMA ABORDAGEM DOS LIMITES CONSTITUCIONAIS DOS GASTOS PÚBLICOS EM EDUCAÇÃO E PESSOAL,2020,RESUMO,6
6425,Jeannye Estephany Keyth Da Silva,Campus Gama,Caracterização morfométrica de relevo da bacia Alto Itaim em  Taubaté-SP,2020,COMPLETO,6
6426,Daniela Carvalho Bezerra Leite,Campus Riacho Fundo,Selo Estabelecimento protegido COVID-19 : certificação para estabelecimentos do setor de bares e restaurantes.,2021,RESUMO,3
6428,Paula Fernandes Furbino Bretas,Campus Brasília,"As mulheres no setor de eventos: uma perspectiva de classe, raça e gênero",2020,RESUMO_EXPANDIDO,2
6428,Paula Fernandes Furbino Bretas,Campus Brasília,"As consequências da pandemia para as mulheres que trabalham em eventos, sob uma perspectiva de raça, classe e gênero",2021,RESUMO,4
6428,Paula Fernandes Furbino Bretas,Campus Brasília,"Consequências da pandemia da COVID-19 na vida das mulheres no setor de eventos: uma perspectiva de classe, raça e gênero",2021,RESUMO_EXPANDIDO,3
6428,Paula Fernandes Furbino Bretas,Campus Brasília,Sexismo e discriminação sofridas por trabalhadoras de eventos: um caso de ensino,2023,RESUMO,3
6428,Paula Fernandes Furbino Bretas,Campus Brasília,"ENTRE TERNOS, SALTOS E TÊNIS: a estética na trajetória de uma jovem mulher na política",2024,COMPLETO,3
6428,Paula Fernandes Furbino Bretas,Campus Brasília,DISCRIMINAÇÃO&#09;BASEADA NA APARÊNCIA&#09;(LOOKISM) NAS ORGANIZAÇÕES: REVISÃO&#09;INTEGRATIVA E AGENDA DE PESQUISA,2024,COMPLETO,2
6429,Jennifer De Carvalho Medeiros,Reitoria,A FORMAÇÃO DAS EQUIPES MULTIDISCIPLINARES COMO ELEMENTO ESTRATÉGICO DA GESTÃO DE EAD,2024,COMPLETO,1
6435,Camilla Vidal Shinoda,Campus Recanto das Emas,"Ensaísmo, subalternização e subjetivação política no cinema periférico",2023,COMPLETO,1
6435,Camilla Vidal Shinoda,Campus Recanto das Emas,Cinemas de territórios: a compreensão de uma prática,2024,COMPLETO,1
6440,Dimitri Assis Silveira,Campus São Sebastião,"Um Estudo sobre a Educação de Jovens,  Adultos e Idosos Trabalhadores  Durante a Pandemia de COVID 19",2024,RESUMO_EXPANDIDO,2
6445,Eduardo Dias Leite,Campus Brasília,"¿CÓMO FUNCIONA LA TRANSMISIÓN DE CONOCIMIENTOS EXPLÍCITOS E TÁCITOS ENTRE LOSTRABAJADORES OPERATIVOS EN EL DISTRITO INDUSTRIAL? EL CASO DEL DISTRITOAGROINDUSTRIAL DE ANÁPOLIS, BRASIL",2020,COMPLETO,4
6445,Eduardo Dias Leite,Campus Brasília,EXCELÊNCIA EM GESTÃO PARA O DESEMPENHO DA INOVAÇÃO EM MICRO E PEQUENAS EMPRESAS,2021,COMPLETO,3
6445,Eduardo Dias Leite,Campus Brasília,Quais dimensões da Administração da inovação influenciam o desenvolvimento de novas tecnologias que diferenciam as pequenas empresas no mercado,2023,COMPLETO,3
6445,Eduardo Dias Leite,Campus Brasília,Campus Taguatinga Centro e o Dilema Social da Mudança,2023,RESUMO,2
6445,Eduardo Dias Leite,Campus Brasília,Influência da inovação no desenvolvimento de novas tecnologias que diferenciam as pequenas empresas no mercado,2023,RESUMO,3
6445,Eduardo Dias Leite,Campus Brasília,Las dimensiones del modelo de excelencia gerencial en el desempeño de la innovación en las micro y pequeñas empresas del Distrito Federal,2023,RESUMO,5
6445,Eduardo Dias Leite,Campus Brasília,¿Cuáles son las dimensiones de la excelencia en la gestión que influyen en el desempeño de la innovación en las pequeñas empresas?,2023,RESUMO,5
6445,Eduardo Dias Leite,Campus Brasília,Dilema das Startups em Florianópolis (SC): Fatores que Levam o Indivíduo ao Insucesso,2023,RESUMO,5
6445,Eduardo Dias Leite,Campus Brasília,Como o modelo de excelência gerencial influencia no desempenho inovador das micro e pequenas empresas do distrito federal,2023,RESUMO,3
6445,Eduardo Dias Leite,Campus Brasília,A RELEVÂNCIA DO MOVIMENTO EMPRESA JÚNIOR: da construção de habilidades à consciência política,2024,RESUMO,2
6445,Eduardo Dias Leite,Campus Brasília,FAST FASHION NO CONTEXTO DA POLÍTICA AMBIENTAL: Como a moda na sociedade moderna se correlaciona com a sustentabilidade,2024,RESUMO,2
6448,Maria Cristina Morais De Carvalho,Campus Recanto das Emas,GRAMÁTICA E VIOLÊNCIA? UMA ANÁLISE COGNITIVO-FUNCIONAL DE NOTÍCIAS EM TORNO DA VIOLÊNCIA CONTRA GRUPOS MINORITÁRIOS,2021,RESUMO,2
6449,Vanessa De Assis Araujo,Campus Brasília,Ensino/aprendizagem de inglês no Instagram,2020,COMPLETO,1
6449,Vanessa De Assis Araujo,Campus Brasília,Cenário de cursos de PLAc na capital do Brasil,2024,COMPLETO,1
6449,Vanessa De Assis Araujo,Campus Brasília,As redes sociais escolhidas por alunos do ensino médio,2023,COMPLETO,1
6449,Vanessa De Assis Araujo,Campus Brasília,Projeto de Extensão de Inglês: Fluxo Contínuo,2022,RESUMO_EXPANDIDO,1
6449,Vanessa De Assis Araujo,Campus Brasília,A experiência subjetiva de aprender uma língua,2023,RESUMO,1
6449,Vanessa De Assis Araujo,Campus Brasília,A Teoria da Subjetividade e a Hipótese do Filtro Afetivo na aprendizagem de inglês,2023,RESUMO,1
6449,Vanessa De Assis Araujo,Campus Brasília,Um olhar subjetivo sobre a Educação Profissional Tecnológica,2023,COMPLETO,1
6450,Francisco Nunes Dos Reis Junior,Campus Taguatinga,MODELARIA: METODOLOGIA PARA O ENSINO DE ENGINEERED PRINT,2024,COMPLETO,3
6450,Francisco Nunes Dos Reis Junior,Campus Taguatinga,"TESSITURA: COSTURANDO ENSINO, PESQUISA E EXTENSÃO.",2023,COMPLETO,3
6450,Francisco Nunes Dos Reis Junior,Campus Taguatinga,SHANTAY YOU STAY: A MODA EM DRAG RACE COMO VETOR DE MIGRAÇÃO DA CULTRA DRAG DE UNDERGROUND PARA MAINSTREAM,2024,COMPLETO,1
6451,Catarina Doolan Fernandes,Campus Recanto das Emas,Mulher de ferro: a forma de um arquétipo na narrativa da mulher brasileira,2022,COMPLETO,1
6451,Catarina Doolan Fernandes,Campus Recanto das Emas,MULHER DE FERRO E A NARRATIVA DA MULHER BRASILEIRA,2022,RESUMO_EXPANDIDO,1
6454,Larissa Andrade De Aguiar,Campus Samambaia,POSSIBILIDADE E IMPORTÂNCIA DA OCUPAÇÃO DA REGIÃO CENTRAL DE GRANDES CENTROS URBANOS COM HABITAÇÃO DE INTERESSE SOCIAL,2023,COMPLETO,3
6454,Larissa Andrade De Aguiar,Campus Samambaia,SIMULAÇÃO DE UM SISTEMA DE CONDICIONAMENTO DE AMBIENTE EMBARCADO NA ESTRUTURA DE UMA EDIFICAÇÃO EM BRASÍLIA,2021,RESUMO,3
6454,Larissa Andrade De Aguiar,Campus Samambaia,Simulação de um sistema de aquecimento solar de água embarcado emestrutura de concreto no Distrito Federal,2021,RESUMO,6
6454,Larissa Andrade De Aguiar,Campus Samambaia,EXPERIÊNCIAS EXITOSAS DO PROJETO DE EXTENSÃO ÁGUA NOSSADE CADA DIA,2021,RESUMO,6
6454,Larissa Andrade De Aguiar,Campus Samambaia,Hábitos Sanitários em domicílios no DF,2021,RESUMO,6
6454,Larissa Andrade De Aguiar,Campus Samambaia,Impacto do Projeto de Pesquisa Vidro Reciclado em Edificações,2021,RESUMO,6
6454,Larissa Andrade De Aguiar,Campus Samambaia,ACERCA DA MORADIA DE INTERESSE SOCIAL E DO PATRIMÔNIO HISTÓRICO: UM SONHO POSSÍVEL,2020,COMPLETO,2
6454,Larissa Andrade De Aguiar,Campus Samambaia,CAPACITAÇÃO DE SONDADORES NO FORMATO EAD,2024,COMPLETO,4
6459,Caio Moura Daoud,Campus Brasília,Centrífuga de laboratório de baixo custo,2022,RESUMO_EXPANDIDO,2
6459,Caio Moura Daoud,Campus Brasília,CURSO DE FORMAÇÃO INICIAL E CONTINUADA: INTRODUÇÃO À PROGRAMAÇÃO UTILIZANDO A LINGUAGEM SWIFT,2022,RESUMO_EXPANDIDO,4
6459,Caio Moura Daoud,Campus Brasília,Visão Computacional para triagem inteligente de objetos,2020,RESUMO,2
6459,Caio Moura Daoud,Campus Brasília,Ações do projeto IFMaker para impulsionar a criatividade no aprendizado Maker: um relato de experiência,2023,COMPLETO,4
6459,Caio Moura Daoud,Campus Brasília,Sistema de escala de serviço militar,2022,RESUMO_EXPANDIDO,3
6459,Caio Moura Daoud,Campus Brasília,ACRO - Aplicativo colaborativo para registro de ocorrências,2022,RESUMO_EXPANDIDO,2
6459,Caio Moura Daoud,Campus Brasília,CENTRÍFUGA DE LABORATÓRIO DE BAIXO CUSTO COM MOTOR DE 12V,2022,RESUMO_EXPANDIDO,3
6459,Caio Moura Daoud,Campus Brasília,REUTILIZAÇÃO DAS GARRAFAS PET PARA FILAMENTOS DE IMPRESSORAS 3D,2022,RESUMO_EXPANDIDO,3
6459,Caio Moura Daoud,Campus Brasília,Teste de Usabilidade de um Aplicativo de Apoio à Produção de Mel Orgânico,2023,RESUMO_EXPANDIDO,6
6459,Caio Moura Daoud,Campus Brasília,APPINAE: FERRAMENTA DE APICULTURA DE PRECISÃO PARA O PLANEJAMENTO E CONTROLE DA PRODUÇÃO APÍCOLA.,2023,RESUMO,5
6460,Roger Maia Dias Ledo,Campus Samambaia,FATORES DETERMINANTES NA MANUTENÇÃO DE COMUNIDADES DE LAGARTOS EM MATAS DE GALERIA NO DISTRITO FEDERAL: NOVAS PROPOSTAS AO NOVO CÓDIGO FLORESTAL BRASILEIRO,2023,RESUMO,2
6465,Lázaro Vinícius De Oliveira Lima,Campus Brasília,TRAINING THE COMPUTATIONAL THINKING WITH AUGMENTED REALITY,2020,RESUMO,4
6465,Lázaro Vinícius De Oliveira Lima,Campus Brasília,Learning Resources with Augmented Reality,2020,COMPLETO,4
6465,Lázaro Vinícius De Oliveira Lima,Campus Brasília,Understanding Effects of the Algorithm Visualized with AR Techniques,2021,COMPLETO,4
6465,Lázaro Vinícius De Oliveira Lima,Campus Brasília,SHREWS: A Game with Augmented Reality for Training Computational Thinking,2021,COMPLETO,5
6465,Lázaro Vinícius De Oliveira Lima,Campus Brasília,TRAINING CT WITH AUGMENTED REALITY-BASED RESOURCES - AN EXPERIMENT IN A CLASSROOM,2022,COMPLETO,4
6470,Letícia Coroa Do Couto,Campus Ceilândia,Estágio Supervsionado nos Cursos de Formação Docente: panorama de possibilidades no contexto do ensino remoto,2021,COMPLETO,3
6486,Rosana De Andrade Araujo Pinto,Campus Gama,MATEMÁTICA NA VIDA: Uma abordagem contextualizada para estudantes do ensino médio,2020,RESUMO,3
6486,Rosana De Andrade Araujo Pinto,Campus Gama,Jogos de funções como perspectiva pedagógica no ensino da matemática,2022,RESUMO,2
6487,Sílvia Marcela De Oliveira Magalhães,Campus Riacho Fundo,O DESENVOLVIMENTO DE VALORES HUMANOS BÁSICOS: BENEFÍCIOS PARA OS AMBIENTES EDUCACIONAL E SOCIAL,2020,COMPLETO,2
6487,Sílvia Marcela De Oliveira Magalhães,Campus Riacho Fundo,"AS MOTIVAÇÕES PARA VOLTAR À ESCOLA NA FASE ADULTA E AS EMOÇÕES DE UMA TURMA DE PROEJA,",2020,COMPLETO,2
6490,Tatiane Alves De Melo,Campus Gama,AS FACETAS DO LABOR: HISTÓRIAS VIVIDAS,2020,COMPLETO,2
6490,Tatiane Alves De Melo,Campus Gama,"Com (ou sem) licença, estou chegando! (Re)visitando itinerários de pesquisa e (re)desenhando oportunidades para as práticas de gestão de pessoas no contexto do teletrabalho",2022,COMPLETO,4
6490,Tatiane Alves De Melo,Campus Gama,De volta para casa? A liderança no contexto do teletrabalho: itinerários da produção científica e novos desafios,2022,COMPLETO,5
6490,Tatiane Alves De Melo,Campus Gama,"A chave do escritório abre a porta do meu lar! E agora, já posso me (des)conectar? Qualidade de vida no teletrabalho: itinerários, desafios e oportunidades",2022,COMPLETO,5
6490,Tatiane Alves De Melo,Campus Gama,Ações afirmativas no contexto educacional: Perspectivas da produção nacional,2021,COMPLETO,2
6490,Tatiane Alves De Melo,Campus Gama,Ações afirmativas no contexto educacional: Perspectivas da produção nacional,2021,COMPLETO,2
6490,Tatiane Alves De Melo,Campus Gama,Entre(laçando) Perspectivas Queer Interseccionais,2021,COMPLETO,1
6490,Tatiane Alves De Melo,Campus Gama,Entre(laçando) Perspectivas Queer Interseccionais,2021,COMPLETO,1
6502,Priscila Cardoso Vieira,Campus São Sebastião,O ensino de literatura no ensino médio - impasses e possibilidades na contemporaneidade,2020,COMPLETO,2
6507,Luan Do Carmo Da Silva,Campus Riacho Fundo,PRODUÇÃO DE CARDÁPIOS NAS AULAS DE GEOGRAFIA: APONTAMENTOS PARA A FORMAÇÃO TÉCNICO-PROFISSIONAL INTEGRADA,2020,COMPLETO,1
6507,Luan Do Carmo Da Silva,Campus Riacho Fundo,ESTUDO DE VIABILIDADE DE IMPLANTAÇÃO DE PRÁTICAS DE PERMACULTURA NO CAMPUS RIACHO FUNDO,2020,RESUMO,2
6507,Luan Do Carmo Da Silva,Campus Riacho Fundo,?HAVIA UMA PEDRA NO MEIO DO CAMINHO?: DESAFIOS DO ENSINO DE GEOGRAFIA NO ÂMBITO DO ENSINO TÉCNICO-INTEGRADO,2021,COMPLETO,1
6507,Luan Do Carmo Da Silva,Campus Riacho Fundo,A FERRAMENTA ?PODCAST? COMO POSSIBILIDADE DE APRENDIZADO NO CURSO TÉCNICO-INTEGRADO DE COZINHA,2020,RESUMO,6
6507,Luan Do Carmo Da Silva,Campus Riacho Fundo,?O PERFIL DA ALIMENTAÇÃO DAS FAMÍLIAS BRASILEIRAS?: A PRODUÇÃO DE MATERIAL AUDIOVISUAL POR ESTUDANTES DO CURSO TÉCNICO-INTEGRADO DE COZINHA NO CONTEXTO DO ENSINO REMOTO,2020,RESUMO,6
6507,Luan Do Carmo Da Silva,Campus Riacho Fundo,O OLHAR DISCENTE ACERCA DO FORMATO REMOTO DE ENSINOAPRENDIZAGEM NO ÂMBITO DO CURSO TÉCNICO-INTEGRADO DE COZINHA,2020,RESUMO,6
6507,Luan Do Carmo Da Silva,Campus Riacho Fundo,Implicações da Pandemia de Covid-19 no Ensino Técnico-Integrado no IFB/campus RiachoFundo ? Primeiros Olhares,2020,RESUMO_EXPANDIDO,1
6507,Luan Do Carmo Da Silva,Campus Riacho Fundo,Entre domínios e dominâncias: roteiros geográficos para aprendizagens na educação técnico-integrada,2022,RESUMO_EXPANDIDO,1
6507,Luan Do Carmo Da Silva,Campus Riacho Fundo,¿VOU APRENDER A LER PRA ENSINAR MEUS CAMARADAS¿: PRIMEIRAS EXPERIÊNCIAS DE HETEROIDENTIFICAÇÃO EM UMA INSTITUIÇÃO FEDERAL DE ENSINO,2022,RESUMO_EXPANDIDO,1
6507,Luan Do Carmo Da Silva,Campus Riacho Fundo,Cotidiano e Lugar: produção de imagens voltadas às aprendizagens geográficas,2022,RESUMO_EXPANDIDO,1
6507,Luan Do Carmo Da Silva,Campus Riacho Fundo,Skate na Praça do Povo: um olhar geográfico para os territórios juvenis na capital,2022,RESUMO_EXPANDIDO,2
6518,Tássio Barreto Cunha,Campus Riacho Fundo,CRISE SOCIAL: EXPLORAÇÃO DO TRABALHO INFANTIL,2021,COMPLETO,2
6519,Raphael Maia Aveiro Cessa,Campus Planaltina,"Diagnósticos ambientais em áreas com potencial alto de fragilidade no Distrito Federal, Brasil",2021,RESUMO,2
6522,Pedro Henrique Couto Torres,Campus São Sebastião,Sobre os papéis de Osman Lins: uma viagem a seu arquivo,2021,RESUMO,1
6530,José Pestana De Aguiar D'agorreta D'alpuim,Campus Gama,Esportes dentro das escolas públicas no Distrito Federal: projeto ?rugby no Liceu Francês de Brasília?,2023,RESUMO,1
6532,Eder Alonso Castro,Campus Gama,PBL no Ensino Médio Integrado,2021,RESUMO_EXPANDIDO,3
6532,Eder Alonso Castro,Campus Gama,Importância da Matemática para aprendizagem em Química,2021,RESUMO,2
6532,Eder Alonso Castro,Campus Gama,Identidade Docente e a Profissionalização dos Trabalhadores na Educação Técnica e Profissional,2020,RESUMO,2
6532,Eder Alonso Castro,Campus Gama,O Ensino de Química a a Aprendizagem Colaborativa,2020,COMPLETO,1
6543,Allex Rodrigo Medrado Araújo,Campus Recanto das Emas,A escrita sensível de Águas Claras - DF,2020,RESUMO,3
6543,Allex Rodrigo Medrado Araújo,Campus Recanto das Emas,A pesquisa-ação na investigação interventiva de visualidades na cidade,2020,COMPLETO,1
6543,Allex Rodrigo Medrado Araújo,Campus Recanto das Emas,"Além das quatro paredes há a sala de aula: intimidade, subjetivação e práticas docentes em audiovisual",2021,RESUMO,2
6558,Andréia Lívia De Jesus Leão,Campus Ceilândia,Literatura brasileira e teoria pós-colonial: uma proposta de educação para as relações étnico-raciais,2022,COMPLETO,1
6558,Andréia Lívia De Jesus Leão,Campus Ceilândia,Literatura cânone e literatura afro-brasileira: uma proposta de ensino de literatura antirracista,2021,COMPLETO,1
6561,Lucas Dos Santos Passos,Campus Samambaia,'Construções geométricas com régua e compasso': uma oficina realizada com as turmas do 8º ano de uma escola pública,2020,COMPLETO,5
6561,Lucas Dos Santos Passos,Campus Samambaia,Uma oficina de construções geométricas com régua e compasso e algumas reflexões sobre a prática educativa (matemática),2021,COMPLETO,4
6621,Marcela Ferreira Oliveira,Campus Brasília,Quem não tem teto de vidro que atire a primeira pedra,2021,COMPLETO,3
